Date,SPY_hedged_1PCT,EQ_WGT_1PCT
12/31/14,0.0,0.0
1/2/15,0.000838072,0.000513345
1/5/15,-0.00070784,-0.001006887
1/6/15,-0.000247019,-0.000370187
1/7/15,7.909e-06,0.000374111
1/8/15,-0.000499838,0.000118841
1/9/15,0.000272327,0.000166622
1/12/15,-0.000216966,-0.000165747
1/13/15,-0.000177685,-0.000201735
1/14/15,-0.000372769,-0.000242013
1/15/15,-0.000344298,-0.000643389
1/16/15,1.529e-05,0.00026507
1/20/15,0.000740266,0.000582962
1/21/15,0.000495093,0.0005106
1/22/15,0.000414159,0.000160278
1/23/15,0.000187439,0.000261044
1/26/15,0.000911624,0.00042061
1/27/15,-0.000970677,-0.000357764
1/28/15,-0.000922433,-0.000733684
1/29/15,0.000374615,0.000326269
1/30/15,-0.000310026,-0.00046467
2/2/15,0.000200357,0.00046709
2/3/15,0.000197457,-0.000253745
2/4/15,-3.5062e-05,-6.4026e-05
2/5/15,-0.000132341,-3.6943e-05
2/6/15,-0.000371715,-0.000781729
2/9/15,0.00056179,0.000493603
2/10/15,0.000123378,0.000348899
2/11/15,0.000108087,0.000108553
2/12/15,0.000274964,0.000168533
2/13/15,3.6117e-05,0.000159302
2/17/15,0.000206684,-0.000274585
2/18/15,0.000256773,0.000360122
2/19/15,0.000167931,0.000393996
2/20/15,5.0617e-05,9.0559e-05
2/23/15,0.000158177,0.000142975
2/24/15,0.000144732,3.1047e-05
2/25/15,3.6117e-05,0.000320759
2/26/15,2.2672e-05,0.000105056
2/27/15,5.9316e-05,0.000214565
3/2/15,6.327e-06,9.8936e-05
3/3/15,-4.218e-06,7.594e-05
3/4/15,2.64e-07,0.000131569
3/5/15,0.000117578,0.00027184
3/6/15,-0.000758457,-0.001111455
3/9/15,0.000471366,0.000561105
3/10/15,-0.001094055,-0.000750235
3/11/15,-7.487e-05,4.9e-06
3/12/15,3.9808e-05,0.000185165
3/13/15,-0.0002602,-0.000923972
3/16/15,-0.000338234,0.001172207
3/17/15,9.2006e-05,4.1396e-05
3/18/15,0.000196403,0.000133318
3/19/15,0.000448167,0.000256652
3/20/15,0.000157913,2.2121e-05
3/23/15,0.000320044,0.000228879
3/24/15,5.4835e-05,0.00017384
3/25/15,-0.001266203,-0.001022685
3/26/15,4.1917e-05,9.2308e-05
3/27/15,0.000323471,0.000311
3/30/15,-8.172e-06,0.000138462
3/31/15,-0.000331907,-5.3616e-05
4/1/15,-5.4571e-05,-0.000113311
4/2/15,3.1635e-05,0.000281396
4/6/15,8.6997e-05,0.000602298
4/7/15,0.000219338,0.000369902
4/8/15,0.000447376,2.696e-05
4/9/15,0.000292363,0.000179614
4/10/15,0.000201939,0.000336232
4/13/15,-0.00018823,0.00018183
4/14/15,0.000255982,0.000275236
4/15/15,0.000223029,0.000301566
4/16/15,0.000123378,5.0444e-05
4/17/15,-0.000544391,-0.000660102
4/20/15,8.6997e-05,0.000484961
4/21/15,0.000128123,5.8882e-05
4/22/15,6.7489e-05,-5.4083e-05
4/23/15,-8.963e-06,0.000224812
4/24/15,0.000276282,2.664e-06
4/27/15,8.3306e-05,-5.6056e-05
4/28/15,0.000113624,0.000133887
4/29/15,0.000160549,1.5107e-05
4/30/15,-0.000540173,-0.000351441
5/1/15,-1.9245e-05,0.000120671
5/4/15,0.00014025,0.000461437
5/5/15,-0.000537009,-0.00050568
5/6/15,-0.000136295,-0.000114063
5/7/15,-0.000120741,1.7526e-05
5/8/15,0.000558627,0.000664616
5/11/15,4.8244e-05,-5.8312e-05
5/12/15,0.000117578,0.000137282
5/13/15,0.000183221,-0.0001151
5/14/15,-0.000241747,-0.000135981
5/15/15,0.000392542,0.000125937
5/18/15,0.000112569,0.00029998
5/19/15,-6.591e-06,7.1935e-05
5/20/15,0.000404932,0.000158285
5/21/15,0.000325053,0.00030858
5/22/15,0.000262309,0.000497954
5/26/15,-0.000620316,-0.000357682
5/27/15,-0.000142623,0.000114653
5/28/15,7.3552e-05,0.000232559
5/29/15,-1.318e-06,0.000181749
6/1/15,0.00080591,0.000652945
6/2/15,0.000622425,0.000238496
6/3/15,0.001075337,3.7431e-05
6/4/15,-0.000406777,-0.00039241
6/5/15,0.000492193,0.000599248
6/8/15,2.6099e-05,0.00027306
6/9/15,0.00034667,0.000331556
6/10/15,-0.000227247,4.6154e-05
6/11/15,0.000393596,0.000302298
6/12/15,-0.000270218,-5.7479e-05
6/15/15,-5.0089e-05,-0.000112315
6/16/15,-7.6452e-05,0.000244839
6/17/15,0.000180849,0.000278164
6/18/15,2.4781e-05,0.000197587
6/19/15,-0.000338761,-0.000118496
6/22/15,0.000641933,0.000385456
6/23/15,0.000308708,0.00017266
6/24/15,-0.000385951,-0.000237174
6/25/15,-0.000101233,-8.9848e-05
6/26/15,0.000108878,-0.000104365
6/29/15,-0.002198654,-0.00170989
6/30/15,0.000903452,0.000799296
7/1/15,0.000106769,6.4229e-05
7/2/15,2.2936e-05,0.000287028
7/6/15,0.000503529,0.000718984
7/7/15,0.000332171,-0.000323708
7/8/15,-0.001160489,-0.00120974
7/9/15,0.000106242,0.000241484
7/10/15,0.000511438,0.000505782
7/13/15,0.000942469,0.001098381
7/14/15,0.00033138,0.000558137
7/15/15,-3.7699e-05,-8.8953e-05
7/16/15,0.000179794,0.000277676
7/17/15,0.00019403,4.7699e-05
7/20/15,6.8543e-05,-5.8292e-05
7/21/15,0.000203257,0.000166927
7/22/15,0.000254928,8.8241e-05
7/23/15,-9.8597e-05,-0.00016042
7/24/15,-0.000180058,-0.000123619
7/27/15,-0.000415213,-0.00021369
7/28/15,-1.3972e-05,0.000283755
7/29/15,-9.886e-05,0.000103816
7/30/15,0.000318726,0.000226764
7/31/15,0.000243328,8.2955e-05
8/3/15,0.000743694,0.000257201
8/4/15,5.6944e-05,0.000179777
8/5/15,0.00011916,0.000100298
8/6/15,-0.000408096,-0.000481952
8/7/15,0.000205366,0.000228777
8/10/15,9.8333e-05,-5.1705e-05
8/11/15,-0.000503792,-0.000731529
8/12/15,3.954e-06,-0.000473575
8/13/15,0.00030449,0.000518936
8/14/15,0.000369606,0.000395399
8/17/15,0.000367497,0.000631861
8/18/15,6.1952e-05,-8.316e-06
8/19/15,-0.00044474,-0.000635033
8/20/15,-0.001576493,-0.001402977
8/21/15,-0.001568057,-0.001479141
8/24/15,-0.000639824,-0.001188432
8/25/15,4.6398e-05,-3.2389e-05
8/26/15,4.508e-05,0.000162576
8/27/15,7.2761e-05,0.000368418
8/28/15,0.000167404,0.000441105
8/31/15,2.689e-05,0.000811556
9/1/15,3.427e-06,-0.000133074
9/2/15,0.001761296,0.000666283
9/3/15,0.000468203,0.000604677
9/4/15,-0.000225929,-0.000520075
9/8/15,0.000266791,0.001168283
9/9/15,-0.000331907,-8.1938e-05
9/10/15,0.000543864,0.000580258
9/11/15,0.000471103,0.000536381
9/14/15,0.000506692,0.000592173
9/15/15,-0.000208793,0.00028896
9/16/15,-0.000162131,-9.6496e-05
9/17/15,0.000687541,0.00050204
9/18/15,-0.000968831,-0.000359207
9/21/15,0.001361373,0.001272526
9/22/15,-0.0010814,-0.00063363
9/23/15,0.000794837,7.3724e-05
9/24/15,-8.4361e-05,-0.000237926
9/25/15,0.000903979,0.000608784
9/28/15,-0.0019055,-0.00145277
9/29/15,0.001004948,0.000696009
9/30/15,-0.000670669,-6.405e-06
10/1/15,0.001622364,0.000655873
10/2/15,-7.6716e-05,-0.000313257
10/5/15,-0.000120214,-0.000884508
10/6/15,0.00025651,-5.69e-07
10/7/15,0.000159231,-0.000103592
10/8/15,-2.0563e-05,1.1203e-05
10/9/15,0.000184276,0.000199946
10/12/15,0.000458185,0.00072732
10/13/15,-9.596e-05,8.2101e-05
10/14/15,0.00017584,0.000132179
10/15/15,-0.000244646,-0.000129638
10/16/15,0.00018243,0.000270397
10/19/15,0.000234629,0.000381695
10/20/15,-5.1935e-05,-5.693e-06
10/21/15,-2.8208e-05,0.000334565
10/22/15,-7.3552e-05,-0.000926006
10/23/15,-3.8753e-05,9.1027e-05
10/26/15,2.4517e-05,1.1508e-05
10/27/15,3.954e-06,2.5618e-05
10/28/15,1.6081e-05,1.9275e-05
10/29/15,-4.0071e-05,-0.000144968
10/30/15,-3.164e-06,0.000124615
11/2/15,0.000180849,2.4134e-05
11/3/15,-0.000308181,-0.000136062
11/4/15,-0.000138932,1.3582e-05
11/5/15,0.000319517,7.6835e-05
11/6/15,0.00069835,4.5056e-05
11/9/15,-0.000459503,-0.000111095
11/10/15,0.000596589,0.000312972
11/11/15,0.000125487,0.000202691
11/12/15,-0.001312075,-0.000920353
11/13/15,-0.000502738,-0.000555128
11/16/15,0.000380415,0.000575216
11/17/15,-2.5836e-05,3.619e-06
11/18/15,-0.000344034,9.0539e-05
11/19/15,0.000353261,0.000190959
11/20/15,0.000312926,0.000397106
11/23/15,0.000840708,0.000496835
11/24/15,0.000273118,4.8329e-05
11/25/15,0.000268637,0.000272084
11/27/15,-0.000204575,2.2589e-05
11/30/15,0.001281494,0.000511719
12/1/15,-0.000145786,-3.365e-05
12/2/15,-0.001154953,-0.000394585
12/3/15,-0.000680687,-0.000628364
12/4/15,-0.000861008,-0.001244284
12/7/15,0.001913673,1.9925e-05
12/8/15,-0.001462342,-0.000533616
12/9/15,-0.000621107,-0.000545368
12/10/15,0.000509592,0.000237479
12/11/15,-0.001472887,-0.001788555
12/14/15,0.000518556,0.000122155
12/15/15,0.000201675,0.00049956
12/16/15,9.491e-06,0.000590709
12/17/15,-0.000145786,-0.000551508
12/18/15,-0.001330001,-0.00038385
12/21/15,-0.003609326,0.000109651
12/22/15,0.005609732,0.000816334
12/23/15,-0.000237001,4.1823e-05
12/24/15,0.000502211,0.000359553
12/28/15,-0.000189548,-0.000485897
12/29/15,0.002279588,0.000854559
12/30/15,-0.004973335,-0.000117967
12/31/15,0.003653615,7.4538e-05
1/4/16,-0.000894489,-0.000635155
1/5/16,0.000569436,0.000284975
1/6/16,-0.000453176,-0.000129678
1/7/16,-0.000963295,-0.001347978
1/8/16,-0.000308972,-9.794e-05
1/11/16,0.000564163,0.000883572
1/12/16,0.000108615,0.000418231
1/13/16,-0.000464775,-0.000931475
1/14/16,7.0389e-05,1.7547e-05
1/15/16,-0.000286036,-0.00088465
1/19/16,0.000128387,0.00071264
1/20/16,-6.5643e-05,-0.000824142
1/21/16,5.4571e-05,0.000528167
1/22/16,6.0898e-05,0.000392044
1/25/16,-1.2918e-05,-0.000371447
1/26/16,1.055e-06,0.000111623
1/27/16,-9.227e-06,5.1013e-05
1/28/16,-2.689e-05,1.9824e-05
1/29/16,2.5308e-05,-7.0552e-05
2/1/16,3.0581e-05,0.000214178
2/2/16,-7.91e-07,-0.000399282
2/3/16,0.000136032,-0.000337838
2/4/16,7.0916e-05,0.00030793
2/5/16,-0.000793783,-0.000408716
2/8/16,-0.000267318,-0.000916876
2/9/16,-5.6153e-05,-0.000122745
2/10/16,0.000372769,0.000651075
2/11/16,-0.000205893,-0.00095075
2/12/16,0.000751602,0.001243918
2/16/16,0.000765838,0.001131136
2/17/16,-0.000590789,-2.8363e-05
2/18/16,0.000639033,0.000387571
2/19/16,0.000760566,0.000762922
2/22/16,-0.000138141,0.000249983
2/23/16,-0.000445531,-0.000243619
2/24/16,7.487e-05,0.000185652
2/25/16,0.000154749,0.000107781
2/26/16,0.000315562,0.000134172
2/29/16,0.000657224,0.000684887
3/1/16,-0.000835963,-0.001017927
3/2/16,-4.482e-06,0.000221803
3/3/16,-7.909e-06,0.000175893
3/4/16,-4.2444e-05,-0.000392491
3/7/16,0.00021222,0.000294043
3/8/16,-0.000345879,-0.000505578
3/9/16,7.8825e-05,0.000188885
3/10/16,0.000434722,0.000255229
3/11/16,-0.000491402,-9.0315e-05
3/14/16,0.000394123,0.000455094
3/15/16,0.00014025,0.000423985
3/16/16,0.000496674,0.000137445
3/17/16,2.399e-05,-5.6788e-05
3/18/16,-0.000591053,-0.000385049
3/21/16,0.000254664,0.000323098
3/22/16,7.777e-05,0.00032019
3/23/16,0.000179794,-0.000370797
3/24/16,0.000399396,0.000295629
3/28/16,0.000297372,0.000788276
3/29/16,-9.4115e-05,-0.000389462
3/30/16,3.8226e-05,0.000180529
3/31/16,2.2936e-05,5.0708e-05
4/1/16,9.491e-06,-0.000111196
4/4/16,8.963e-06,0.000342067
4/5/16,-0.000472684,-0.000243579
4/6/16,8.7524e-05,2.8343e-05
4/7/16,-0.000874189,-0.00045546
4/8/16,0.00050432,0.000413169
4/11/16,0.000159495,1.7201e-05
4/12/16,7.487e-05,-6.3274e-05
4/13/16,-0.000142359,-0.000294714
4/14/16,0.000153695,0.000519384
4/15/16,0.000131023,-0.000149034
4/18/16,0.000157386,0.000407598
4/19/16,-1.16e-05,-2.5395e-05
4/20/16,0.000112833,-0.000300285
4/21/16,0.000102815,-0.000219607
4/22/16,0.000524619,0.000250187
4/25/16,7.382e-06,0.000242582
4/26/16,2.7681e-05,-5.266e-06
4/27/16,0.000339025,0.000268709
4/28/16,-0.000666451,-0.000121789
4/29/16,0.000865226,0.000132077
5/2/16,0.000588417,0.000185713
5/3/16,0.000956705,-0.000310797
5/4/16,-5.4044e-05,3.4951e-05
5/5/16,0.000245965,0.000513121
5/6/16,0.000499311,0.000328872
5/9/16,0.000526464,0.000316063
5/10/16,-0.00035827,0.0001861
5/11/16,-0.000161867,7.2342e-05
5/12/16,0.000293418,0.000154707
5/13/16,-9.754e-06,-7.2789e-05
5/16/16,9.7279e-05,0.000369333
5/17/16,8.7261e-05,0.000209929
5/18/16,-0.000207475,-0.000901851
5/19/16,0.000243065,1.1264e-05
5/20/16,0.000545973,0.000756619
5/23/16,0.00037356,0.000583613
5/24/16,-0.000792201,-0.000371793
5/25/16,-0.000138668,4.4507e-05
5/26/16,0.000309235,0.000463267
5/27/16,0.000126541,0.000294816
5/31/16,0.000187703,0.000348065
6/1/16,0.000139986,0.00027428
6/2/16,9.491e-06,0.000392227
6/3/16,0.000372506,-0.000424107
6/6/16,-0.000147631,9.7411e-05
6/7/16,-0.000111778,4.9997e-05
6/8/16,-3.3217e-05,-0.000329218
6/9/16,-6.1952e-05,-0.000260292
6/10/16,-0.000667241,-0.000880421
6/13/16,-0.000685168,-0.000660163
6/14/16,0.000121269,-0.000120895
6/15/16,0.000271009,0.000373318
6/16/16,0.000426813,-7.0166e-05
6/17/16,5.2726e-05,0.00024486
6/20/16,0.000378306,0.000605775
6/21/16,-2.1354e-05,0.000100929
6/22/16,-0.001031838,-0.00098995
6/23/16,0.000924278,0.000671285
6/24/16,-0.003461694,-0.0044361
6/27/16,-0.000584199,-0.000401417
6/28/16,6.6434e-05,0.000149136
6/29/16,6.5116e-05,-0.000209583
6/30/16,0.000128387,-0.000139031
7/1/16,0.000959868,0.000146127
7/5/16,0.000173731,-0.00049283
7/6/16,2.7154e-05,0.000254273
7/7/16,0.000292099,0.000388445
7/8/16,-0.000533846,5.9593e-05
7/11/16,-5.8789e-05,8.5273e-05
7/12/16,-0.000203257,-0.000291176
7/13/16,0.000243065,0.000197628
7/14/16,-2.3726e-05,-3.2877e-05
7/15/16,0.000284454,0.000425043
7/18/16,3.9281e-05,0.0003404
7/19/16,7.3816e-05,0.000255087
7/20/16,1.9245e-05,-0.00015918
7/21/16,-6.8543e-05,-1.3379e-05
7/22/16,0.000162131,0.000424982
7/25/16,5.2989e-05,-5.7174e-05
7/26/16,3.9544e-05,0.00019773
7/27/16,0.000187176,-0.00010961
7/28/16,7.909e-06,0.000326717
7/29/16,0.000204048,0.000350383
8/1/16,8.0143e-05,-1.8523e-05
8/2/16,-3.3481e-05,-0.00012305
8/3/16,0.000274964,0.000281295
8/4/16,0.000227774,0.000266391
8/5/16,0.00023331,-0.000125347
8/8/16,0.000143413,0.000449055
8/9/16,6.7752e-05,0.000185571
8/10/16,-3.5853e-05,-2.4114e-05
8/11/16,4.3499e-05,-1.5168e-05
8/12/16,0.000252819,0.000273081
8/15/16,0.000123905,0.000187645
8/16/16,-0.000159231,-0.000187787
8/17/16,0.000125223,0.000169976
8/18/16,0.000315562,0.000293779
8/19/16,0.000231465,4.4324e-05
8/22/16,9.4115e-05,0.000199743
8/23/16,-8.4361e-05,7.466e-05
8/24/16,-0.000128387,-0.000201878
8/25/16,0.000115205,1.2037e-05
8/26/16,0.00064536,0.000417439
8/29/16,0.000359061,0.000503016
8/30/16,0.00031978,0.000100217
8/31/16,0.000224874,0.000132809
9/1/16,5.088e-05,7.6469e-05
9/2/16,0.000582881,0.000462942
9/6/16,0.000284191,0.000429373
9/7/16,0.000216438,0.00014328
9/8/16,-5.273e-06,-2.3545e-05
9/9/16,-0.002797089,-0.002640694
9/12/16,6.9334e-05,0.000471766
9/13/16,-0.001658745,-0.001687301
9/14/16,0.000312662,0.000278347
9/15/16,0.000281291,0.000370817
9/16/16,0.00036407,0.000523186
9/19/16,0.000224347,-0.001401614
9/20/16,9.754e-06,-0.003143934
9/21/16,0.000545446,0.00277391
9/22/16,0.000386478,0.000986168
9/23/16,-2.9263e-05,0.000328994
9/26/16,-0.000772956,-0.000233616
9/27/16,0.000678577,0.000464528
9/28/16,0.000197193,-0.000138401
9/29/16,-0.000354843,-1.8767e-05
9/30/16,0.000743166,0.000151637
10/3/16,0.000171885,0.000307442
10/4/16,7.0389e-05,-0.000727625
10/5/16,0.000264155,6.0773e-05
10/6/16,0.000284454,5.325e-05
10/7/16,0.000168722,0.000496042
10/10/16,0.000468466,0.000288696
10/11/16,-0.000969359,-0.000468513
10/12/16,0.000130759,0.000337045
10/13/16,-8.9897e-05,2.7509e-05
10/14/16,0.000380942,0.00028408
10/17/16,7.3288e-05,0.000293941
10/18/16,0.000262837,0.000341071
10/19/16,0.000190339,0.00020997
10/20/16,0.000240165,0.000153223
10/21/16,0.000204311,0.000356422
10/24/16,0.000168985,0.00028896
10/25/16,-0.000136823,-7.2098e-05
10/26/16,0.000127596,0.000197933
10/27/16,-4.218e-05,-4.3958e-05
10/28/16,2.2672e-05,6.71e-07
10/31/16,2.9263e-05,0.000385232
11/1/16,-0.000215647,-0.000400258
11/2/16,0.000101497,0.000321512
11/3/16,-0.000700459,-1.897e-05
11/4/16,-0.000104397,-0.000171278
11/7/16,0.000276018,0.000622915
11/8/16,8.3306e-05,7.73e-07
11/9/16,0.000685168,-0.00056019
11/10/16,0.000230411,-0.000886988
11/11/16,0.000479275,-0.001073291
11/14/16,0.000575499,0.000220542
11/15/16,7.6716e-05,0.000415934
11/16/16,0.000276018,-0.000157411
11/17/16,-4.3499e-05,0.000192789
11/18/16,0.000189285,0.000115812
11/21/16,-2.7417e-05,0.000124981
11/22/16,4.8507e-05,2.6452e-05
11/23/16,1.8454e-05,-6.429e-05
11/25/16,-8.436e-06,7.6733e-05
11/28/16,5.6944e-05,-7.4944e-05
11/29/16,-2.399e-05,6.2521e-05
11/30/16,-5.27e-07,-0.000501268
12/1/16,-0.000320044,-0.000326066
12/2/16,0.000306335,0.000314029
12/5/16,0.000767684,0.000530038
12/6/16,0.000162131,0.000274565
12/7/16,-0.001196606,-0.000891644
12/8/16,-0.000277073,-0.000362806
12/9/16,9.4115e-05,0.000190573
12/12/16,1.6345e-05,0.000283104
12/13/16,-8.7524e-05,8.0983e-05
12/14/16,0.000293418,-0.000199458
12/15/16,0.000246228,6.181e-05
12/16/16,-0.000757402,1.6632e-05
12/19/16,0.000409941,0.000738747
12/20/16,-1.4763e-05,-0.000161457
12/21/16,0.000107824,0.000356625
12/22/16,0.000332171,0.000111806
12/23/16,3.8753e-05,0.000227252
12/27/16,-0.000147895,0.000441756
12/28/16,-2.5045e-05,5.7377e-05
12/29/16,0.000109142,0.000164649
12/30/16,1.2127e-05,-5.9227e-05
1/3/17,0.000525673,0.00057117
1/4/17,0.000263364,-0.000253338
1/5/17,0.000210902,9.719e-06
1/6/17,3.164e-06,0.000506534
1/9/17,0.000374351,0.000327449
1/10/17,0.000201148,0.000234104
1/11/17,0.000129705,0.000196144
1/12/17,0.000113096,0.000140617
1/13/17,0.000136032,0.000463104
1/17/17,0.000166085,-0.000125998
1/18/17,-2.1354e-05,0.000193135
1/19/17,7.4079e-05,-3.7838e-05
1/20/17,0.000352206,0.000491732
1/23/17,0.000213275,0.000270539
1/24/17,-5.9053e-05,-0.000244392
1/25/17,-0.000183748,-0.00013043
1/26/17,3.0054e-05,0.000243477
1/27/17,7.0652e-05,0.000159221
1/30/17,0.000149213,0.000104385
1/31/17,7.3288e-05,3.552e-05
2/1/17,3.691e-06,0.00018854
2/2/17,4.9035e-05,0.000344731
2/3/17,2.5572e-05,-9.4158e-05
2/6/17,0.00025651,0.000350851
2/7/17,-1.0809e-05,3.1352e-05
2/8/17,5.9053e-05,6.5591e-05
2/9/17,-9.8597e-05,0.000170281
2/10/17,-7.118e-06,5.9492e-05
2/13/17,-0.000145786,0.000147774
2/14/17,0.000167931,0.00012673
2/15/17,-0.000575763,-4.1782e-05
2/16/17,0.000178476,2.7448e-05
2/17/17,3.9808e-05,0.000217045
2/21/17,-4.6135e-05,0.000240285
2/22/17,0.000180058,7.0654e-05
2/23/17,-5.2726e-05,8.7916e-05
2/24/17,9.7542e-05,-0.000173189
2/27/17,-0.000470312,0.000120224
2/28/17,0.000512756,-6.0935e-05
3/1/17,-4.4553e-05,-0.000635907
3/2/17,2.109e-06,5.5995e-05
3/3/17,-7.91e-07,0.000144541
3/6/17,0.000387796,0.000399323
3/7/17,0.000112305,0.000105076
3/8/17,1.4763e-05,-6.2806e-05
3/9/17,-1.6081e-05,-0.000110424
3/10/17,0.000358006,0.000477317
3/13/17,0.000326898,0.000222271
3/14/17,-0.00011626,-2e-08
3/15/17,-0.000546764,-0.000540936
3/16/17,0.000583672,0.00042795
3/17/17,4.1126e-05,9.8407e-05
3/20/17,0.000318726,0.000483579
3/21/17,-0.001134917,-0.001534383
3/22/17,-0.000133396,-0.000167435
3/23/17,-0.000200884,0.000321308
3/24/17,0.000275227,0.000131
3/27/17,0.000358797,0.000472091
3/28/17,4.7189e-05,0.00034837
3/29/17,0.000199566,0.000215419
3/30/17,0.000141304,0.000116889
3/31/17,0.000207211,0.000282718
4/3/17,-4.3499e-05,0.00018303
4/4/17,0.000356161,0.000159607
4/5/17,-3.1108e-05,9.5317e-05
4/6/17,-4.9562e-05,0.000109834
4/7/17,1.2918e-05,-9.21e-06
4/10/17,2.0036e-05,0.000133785
4/11/17,-0.000105187,-0.00057302
4/12/17,0.000176367,1.7018e-05
4/13/17,0.00022092,0.000151454
4/17/17,0.000290518,0.000291664
4/18/17,0.000212484,0.000324785
4/19/17,-6.828e-05,0.000161112
4/20/17,-0.000243856,-0.000232945
4/21/17,-0.000354052,-0.000177906
4/24/17,0.001260667,0.00121767
4/25/17,-0.000259673,-0.000197547
4/26/17,7.5925e-05,0.00014938
4/27/17,0.000235419,0.000150458
4/28/17,0.000123641,0.000242399
5/1/17,4.139e-05,0.000222779
5/2/17,6.0107e-05,0.000199499
5/3/17,2.3726e-05,-6.5185e-05
5/4/17,0.000240692,-2.9909e-05
5/5/17,-0.000255192,2.511e-05
5/8/17,0.000795101,0.000675433
5/9/17,-2.2408e-05,-6.3416e-05
5/10/17,-2.0036e-05,0.000216151
5/11/17,5.2726e-05,3.5256e-05
5/12/17,0.000166876,0.000130654
5/15/17,4.798e-05,0.000212186
5/16/17,0.000150268,0.000166093
5/17/17,-0.002281697,-0.002193204
5/18/17,0.000380151,0.000343592
5/19/17,-0.000154222,0.000304087
5/22/17,0.001148626,0.000487584
5/23/17,-9.491e-06,0.000210864
5/24/17,0.000110987,4.2189e-05
5/25/17,-0.000167667,7.4375e-05
5/26/17,0.000161604,0.000173514
5/30/17,0.000240956,0.000136062
5/31/17,-1.2654e-05,4.1254e-05
6/1/17,-8.6206e-05,-0.000201634
6/2/17,-1.055e-06,-0.000167476
6/5/17,0.000272855,0.000172315
6/6/17,-0.00025071,-0.000130715
6/7/17,0.000158967,0.00013405
6/8/17,0.000237792,6.5307e-05
6/9/17,-0.000130496,-0.000511983
6/12/17,0.000323207,8.8445e-05
6/13/17,2.5045e-05,0.000324866
6/14/17,0.000186912,-0.000127645
6/15/17,9.596e-05,5.6666e-05
6/16/17,0.000214329,9.0153e-05
6/19/17,-0.000482966,0.000167984
6/20/17,-0.000283136,-0.00020572
6/21/17,0.000206684,-2.0047e-05
6/22/17,0.000273645,0.000277554
6/23/17,0.000291572,0.000166723
6/26/17,0.000238583,0.000202061
6/27/17,-0.000612407,-0.00032511
6/28/17,2.64e-07,7.6733e-05
6/29/17,-0.000809337,-0.000331352
6/30/17,0.000579717,0.000196063
7/3/17,0.000128914,8.2142e-05
7/5/17,0.000257037,0.00014629
7/6/17,-0.000616098,-0.00015613
7/7/17,0.000381733,1.83e-07
7/10/17,0.000257828,0.00045119
7/11/17,0.000119423,4.8411e-05
7/12/17,-0.000208002,-1.6306e-05
7/13/17,0.000161604,0.000307848
7/14/17,-0.000170303,4.4568e-05
7/17/17,0.000186385,0.000439336
7/18/17,8.0143e-05,0.000186649
7/19/17,-0.000158967,4.3999e-05
7/20/17,0.000122323,0.000155846
7/21/17,0.000138668,0.000129638
7/24/17,0.00013735,0.000324195
7/25/17,-6.6171e-05,-0.000305307
7/26/17,7.7243e-05,6.8357e-05
7/27/17,-1.6872e-05,-0.000114937
7/28/17,8.7261e-05,0.000193663
7/31/17,0.000194294,0.000311732
8/1/17,1.582e-06,0.000166418
8/2/17,-5.27e-07,-2.5496e-05
8/3/17,-3.427e-06,4.04e-05
8/4/17,0.000208002,3.489e-05
8/7/17,8.3834e-05,0.000349794
8/8/17,-0.000267055,-0.000113758
8/9/17,-8.3834e-05,-0.000552566
8/10/17,-0.001286239,-0.00122442
8/11/17,0.000111514,0.000175812
8/14/17,0.000610825,0.001003288
8/15/17,0.000323735,0.000177703
8/16/17,0.000156595,7.4802e-05
8/17/17,-0.001410144,-0.000944996
8/18/17,0.000160286,0.000144338
8/21/17,0.000263364,0.000361891
8/22/17,-6.0107e-05,0.000196286
8/23/17,7.9352e-05,1.4476e-05
8/24/17,-2.2145e-05,3.7553e-05
8/25/17,0.000166613,0.000210864
8/28/17,-0.00020642,0.000192647
8/29/17,-0.000102815,8.6493e-05
8/30/17,0.000408096,4.1457e-05
8/31/17,0.000236738,7.3663e-05
9/1/17,0.000245701,0.000243741
9/5/17,-0.000242537,-0.000327022
9/6/17,0.00038806,0.000298394
9/7/17,0.000204311,-7.529e-05
9/8/17,-7.3816e-05,3.0478e-05
9/11/17,-0.000343507,0.000179024
9/12/17,5.2989e-05,8.0637e-05
9/13/17,1.9772e-05,0.000146859
9/14/17,0.0002718,0.000184067
9/15/17,-0.000529364,-0.000120854
9/18/17,6.9598e-05,-0.000183965
9/19/17,1.9508e-05,9.4382e-05
9/20/17,3.954e-06,4.652e-05
9/21/17,0.000332434,9.0214e-05
9/22/17,0.000159495,0.000114429
9/25/17,0.000111778,-8.6798e-05
9/26/17,0.000157913,4.223e-05
9/27/17,-0.000170831,-0.000228879
9/28/17,0.000154486,0.000132992
9/29/17,-2.6363e-05,3.538e-06
10/2/17,2.9e-06,0.000220176
10/3/17,-0.00013155,-1.0369e-05
10/4/17,6.538e-05,0.000127096
10/5/17,-0.000284718,2.0678e-05
10/6/17,7.9616e-05,8.0251e-05
10/9/17,-6.327e-06,0.000166825
10/10/17,1.6345e-05,-9.4138e-05
10/11/17,7.7243e-05,0.00020021
10/12/17,0.000115733,0.000161071
10/13/17,0.000159758,5.7906e-05
10/16/17,-1.9772e-05,0.000319987
10/17/17,3.4535e-05,0.000258523
10/18/17,0.000102551,4.0807e-05
10/19/17,-2.6363e-05,-2.3138e-05
10/20/17,-8.647e-05,-0.000170444
10/23/17,-9.227e-06,0.000103551
10/24/17,8.067e-05,1.9194e-05
10/25/17,5.7734e-05,-8.4988e-05
10/26/17,0.000138404,0.000125693
10/27/17,-7.5661e-05,-0.000144338
10/30/17,0.000164767,0.000317425
10/31/17,5.273e-06,0.000322711
11/1/17,-4.2971e-05,3.9851e-05
11/2/17,0.000162131,0.000281132
11/3/17,0.000294208,0.000359085
11/6/17,0.000114942,1.9498e-05
11/7/17,-0.000104133,-0.000191711
11/8/17,0.000167667,0.000136591
11/9/17,-0.000226192,-0.000211596
11/10/17,-4.218e-06,-1.1406e-05
11/13/17,0.000228565,0.00020997
11/14/17,0.000178212,9.6395e-05
11/15/17,-0.000326898,-0.000247584
11/16/17,2.8735e-05,2.818e-05
11/17/17,0.000410205,0.000317832
11/20/17,0.000300799,0.00018486
11/21/17,-0.000310026,-7.8014e-05
11/22/17,0.000156331,7.7567e-05
11/24/17,0.00011626,0.000181342
11/27/17,7.9616e-05,0.000302725
11/28/17,-0.000257828,-0.000434985
11/29/17,1.7663e-05,-0.000651908
11/30/17,-2.8472e-05,1.2626e-05
12/1/17,0.00037066,-0.000307137
12/4/17,0.00019403,0.000190898
12/6/17,0.000729194,0.000591359
12/7/17,9.9124e-05,0.000113697
12/8/17,-2.0299e-05,0.000357703
12/11/17,6.4852e-05,0.000325944
12/12/17,-0.000259146,3.3568e-05
12/13/17,8.963e-06,4.1132e-05
12/14/17,0.000470839,0.00018919
12/15/17,-0.000378569,5.7825e-05
12/18/17,-0.000243592,-0.000262488
12/19/17,-4.9035e-05,-0.000183172
12/20/17,0.000308181,0.00024795
12/21/17,0.000163713,9.96e-07
12/22/17,0.000147631,0.000131691
12/26/17,0.000313717,0.000241464
12/27/17,-0.000169249,9.1352e-05
12/28/17,0.00011046,5.7052e-05
12/29/17,0.000238056,1.4314e-05
1/2/18,-6.8543e-05,-7.7831e-05
1/3/18,-1.0545e-05,-3.2633e-05
1/4/18,-0.000332434,-1.529e-05
1/5/18,-0.000453703,2.237e-06
1/8/18,0.00021802,0.000220461
1/9/18,-0.000278918,-0.00011939
1/10/18,0.000105978,8.7021e-05
1/11/18,-0.000290518,-0.000415385
1/12/18,-0.00034008,-0.000342718
1/16/18,-0.000196666,-6.1749e-05
1/17/18,-0.000179794,-0.000176503
1/18/18,0.000126541,-1.8482e-05
1/19/18,-0.000194821,0.000162372
1/22/18,0.000246228,0.000237235
1/23/18,-0.000117051,-0.000129739
1/24/18,0.000107033,-0.000426222
1/25/18,-2.9263e-05,6.8458e-05
1/26/18,0.000188494,9.658e-06
1/29/18,-0.000211166,0.000104649
1/30/18,-5.1407e-05,1.4537e-05
1/31/18,7.777e-05,0.000255168
2/1/18,3.427e-06,-3.1657e-05
2/2/18,-6.591e-06,-0.001996877
2/5/18,-0.005754727,-0.003303541
2/6/18,0.000207739,0.000555778
2/7/18,0.003197012,0.000507733
2/8/18,-0.003333044,-0.003241813
2/9/18,0.000979377,0.00019897
2/12/18,0.000778229,0.00187704
2/13/18,0.000119423,0.000534043
2/14/18,0.000518556,0.000272288
2/15/18,-0.000271273,-0.000426019
2/16/18,0.00022382,0.000401417
2/20/18,0.000366442,0.000163429
2/21/18,7.3288e-05,0.000278774
2/22/18,0.000340343,0.00015365
2/23/18,-8.4097e-05,0.000247848
2/26/18,-0.000650369,0.000184941
2/27/18,-0.000698613,-0.00090303
2/28/18,-8.9633e-05,-0.000181484
3/1/18,-0.000746593,-0.000371366
3/2/18,0.000264682,0.000827476
3/5/18,0.000266528,0.000607645
3/6/18,7.2234e-05,2.1349e-05
3/7/18,0.000276545,0.00019836
3/8/18,0.000326107,0.000609516
3/9/18,-0.000664078,-0.00054366
3/12/18,-4.218e-06,0.000210681
3/13/18,5.5362e-05,1.2748e-05
3/14/18,0.000291309,0.000146493
3/15/18,0.000567327,0.000364514
3/16/18,9.517e-05,0.000704406
3/19/18,-0.001419635,-0.00089136
3/20/18,0.000297636,0.000287232
3/21/18,0.000399923,-3.552e-05
3/22/18,-0.002460173,-0.001782252
3/23/18,-0.000841763,-0.000693203
3/26/18,-0.000184276,0.000411847
3/27/18,-0.00066276,-0.000471664
3/28/18,-0.000127332,-0.000220725
3/29/18,0.00020932,0.000411949
4/2/18,-0.000639033,-0.000745782
4/3/18,-3.164e-06,0.000202122
4/4/18,6.327e-06,0.000230302
4/5/18,4.9298e-05,0.000170729
4/6/18,-0.001232195,-0.000432281
4/9/18,-0.000252819,0.000310634
4/10/18,-0.000279182,-0.000431427
4/11/18,0.000639561,0.000368662
4/12/18,0.000380415,0.000399587
4/13/18,0.000561263,0.000509909
4/16/18,0.000740003,0.000636964
4/17/18,-0.000158704,0.000192931
4/18/18,1.7663e-05,-0.000223145
4/19/18,3.849e-05,-0.000272166
4/20/18,-0.00034957,-0.000182318
4/23/18,0.000554145,0.00043159
4/24/18,-0.001307329,-0.000875846
4/25/18,0.000132605,0.000205395
4/26/18,0.000185857,0.000180427
4/27/18,0.000777174,0.000594043
4/30/18,0.000397287,0.000304514
5/1/18,0.000271536,9.4097e-05
5/2/18,0.00023911,5.079e-05
5/3/18,4.6398e-05,0.000276984
5/4/18,0.000416795,-1.5127e-05
5/7/18,0.000352997,0.000371163
5/8/18,0.000161867,8.6859e-05
5/9/18,0.000123114,8.8567e-05
5/10/18,-0.000210638,8.458e-06
5/11/18,0.000102551,0.000447042
5/14/18,0.000259146,0.000360285
5/15/18,-0.000425495,-0.000649753
5/16/18,0.00018823,0.000174958
5/17/18,0.000232783,0.000140353
5/18/18,0.000230411,0.000267266
5/21/18,0.000164767,0.000167496
5/22/18,0.000248601,0.000257059
5/23/18,0.000141568,1.6123e-05
5/24/18,0.000156068,0.000119085
5/25/18,-2.1617e-05,-4.0705e-05
5/29/18,-0.000599226,-0.00128993
5/30/18,-0.000312926,0.00023203
5/31/18,0.000257828,0.000151779
6/1/18,-0.000196403,0.000146696
6/4/18,2.2936e-05,0.00037346
6/5/18,2.64e-07,0.000308967
6/6/18,-0.000126014,-0.000477906
6/7/18,-0.000142095,-0.000206554
6/8/18,-2.109e-06,0.000201878
6/11/18,8.2252e-05,0.000123192
6/12/18,0.000275227,0.000260536
6/13/18,2.2145e-05,0.000125693
6/14/18,0.000323998,0.000327184
6/15/18,-0.000483757,-0.000556652
6/18/18,0.000259146,9.3162e-05
6/19/18,-0.000146313,-0.000376327
6/20/18,0.000272064,0.000220542
6/21/18,-0.000741848,-0.000408431
6/22/18,0.000496411,0.00041077
6/25/18,-0.001368491,-0.000627144
6/26/18,0.000551773,0.000276069
6/27/18,-0.000475584,-0.000365327
6/28/18,0.000467675,0.000265476
6/29/18,0.000378569,0.000320149
7/2/18,0.000357479,2.9014e-05
7/3/18,8.2252e-05,1.9478e-05
7/5/18,0.000265737,0.000147814
7/6/18,7.4079e-05,0.000307828
7/9/18,7.4607e-05,0.000181342
7/10/18,-0.000177949,0.000121423
7/11/18,-3.7171e-05,-0.00044814
7/12/18,-7.6979e-05,0.000185002
7/13/18,0.000156595,0.000336191
7/16/18,0.000258091,0.000261756
7/17/18,-7.645e-06,8.0129e-05
7/18/18,0.000102815,9.5764e-05
7/19/18,-4.8771e-05,-0.00015119
7/20/18,0.000170831,0.000109163
7/23/18,0.000244119,0.000135961
7/24/18,-8.2252e-05,-7.7608e-05
7/25/18,-0.000100706,7.3114e-05
7/26/18,3.5062e-05,-0.000224853
7/27/18,5.5098e-05,4.6418e-05
7/30/18,0.000303172,6.8011e-05
7/31/18,6.5907e-05,0.000102047
8/1/18,7.0916e-05,0.000101193
8/2/18,1.0281e-05,0.000180773
8/3/18,3.954e-06,8.9136e-05
8/6/18,0.000103078,0.00037714
8/7/18,-4.6135e-05,6.0895e-05
8/8/18,0.000192712,0.000193277
8/9/18,5.9053e-05,0.000150254
8/10/18,-0.000722603,-0.000837581
8/13/18,7.777e-05,-6.1078e-05
8/14/18,0.000183221,0.000323382
8/15/18,-0.000586571,-0.001239649
8/16/18,5.6944e-05,0.000160847
8/17/18,0.00023252,0.00014692
8/20/18,0.000262837,0.000313277
8/21/18,3.1635e-05,8.8729e-05
8/22/18,0.000269691,9.4321e-05
8/23/18,4.3499e-05,-1.041e-05
8/24/18,-0.000116787,6.9658e-05
8/27/18,-0.000196666,-0.000117174
8/28/18,6.9334e-05,0.000170424
8/29/18,-0.000108351,8.267e-05
8/30/18,9.4906e-05,-0.000291013
8/31/18,0.000132868,0.000216395
9/4/18,0.000126541,9.4483e-05
9/5/18,0.000153168,5.634e-05
9/6/18,-1.9245e-05,0.000204887
9/7/18,0.000142623,0.000181403
9/10/18,0.00045344,0.000537012
9/11/18,0.000190076,0.000234816
9/12/18,0.000308181,0.000126954
9/13/18,-9.754e-06,0.000229895
9/14/18,0.000281027,0.000302216
9/17/18,-0.000305808,-7.5208e-05
9/18/18,-0.000242801,6.771e-06
9/19/18,0.000317671,-0.000213548
9/20/18,-0.000489293,-0.000136388
9/21/18,-0.000562845,-0.000185104
9/24/18,0.000161867,8.4236e-05
9/25/18,0.000233047,0.000112437
9/26/18,0.000186648,0.000122867
9/27/18,0.000302908,0.000164568
9/28/18,0.000425759,-0.000108675
10/1/18,0.000381996,0.000379824
10/2/18,0.000224611,-5.4144e-05
10/3/18,0.000158704,-0.000127381
10/4/18,-0.000754239,-0.000671834
10/5/18,-0.000200884,6.6588e-05
10/8/18,0.000372769,0.000504948
10/9/18,-2.2145e-05,-2.3504e-05
10/10/18,-0.002655257,-0.002153882
10/11/18,-0.000517765,-0.001354708
10/12/18,0.000315035,0.000549679
10/15/18,7.8561e-05,0.000640136
10/16/18,1.0018e-05,0.000391637
10/17/18,-1.6345e-05,-1.6388e-05
10/18/18,-0.00019693,-0.000423396
10/19/18,3.3744e-05,-3.8489e-05
10/22/18,-2.3463e-05,0.000223043
10/23/18,-3.1635e-05,-5.0993e-05
10/24/18,-8.7261e-05,-0.000618869
10/25/18,-8.7e-06,8.3036e-05
10/26/18,-5.1935e-05,-0.000290322
10/29/18,-4.5344e-05,-8.5822e-05
10/30/18,2.1617e-05,-4.3206e-05
10/31/18,-8.172e-06,0.000158285
11/1/18,-1.5554e-05,0.000213304
11/2/18,4.2444e-05,0.000254151
11/5/18,0.000177685,0.000238557
11/6/18,2.6626e-05,0.000209238
11/7/18,-0.000265737,0.000578997
11/8/18,0.000227511,-0.00049773
11/9/18,0.00016424,0.000420407
11/12/18,-0.000883416,-0.000901587
11/13/18,0.000323207,6.0183e-05
11/14/18,-6.907e-05,-4.676e-06
11/15/18,0.000159495,6.2115e-05
11/16/18,0.000767684,0.000673318
11/19/18,-0.001169452,-0.000565294
11/20/18,-0.000460821,-0.00056448
11/21/18,0.000657487,0.000736836
11/23/18,-0.000122587,-0.000151901
11/26/18,0.00024201,0.000505172
11/27/18,-4.3499e-05,0.000139295
11/28/18,-0.002135911,-0.000889794
11/29/18,0.000131814,0.000284812
11/30/18,-0.000139723,-5.957e-06
12/3/18,0.000980431,0.001531862
12/4/18,-0.0027412,-0.003496818
12/5/18,-2.1354e-05,2.2548e-05
12/6/18,0.000248074,9.6578e-05
12/7/18,-0.000312399,4.5361e-05
12/10/18,9.7806e-05,-3.2897e-05
12/11/18,0.00022672,0.000492281
12/12/18,0.000168985,0.000301078
12/13/18,-6.591e-06,0.000472071
12/14/18,-0.000505638,-0.000613033
12/17/18,-0.000357743,-0.001004264
12/18/18,2.8472e-05,0.000153345
12/19/18,-0.000249655,-0.000224954
12/20/18,-0.000125223,-0.00035142
12/21/18,0.001195551,0.000786385
12/24/18,-5.8262e-05,-0.000551305
12/26/18,-3.0581e-05,0.00019039
12/27/18,1.845e-06,-0.000106256
12/28/18,-2.3199e-05,-2.216e-06
12/31/18,-4.9562e-05,0.000452816
1/2/19,-8.0406e-05,-0.000317852
1/3/19,4.2708e-05,0.000202955
1/4/19,-0.000647469,-0.000117337
1/7/19,0.000256773,0.000281762
1/8/19,9.8333e-05,0.000180956
1/9/19,0.00028999,0.000256734
1/10/19,0.000104133,0.000315676
1/11/19,0.000553882,0.000717744
1/14/19,0.000503265,0.000403714
1/15/19,-0.000299745,0.000314578
1/16/19,4.482e-06,0.000140475
1/17/19,6.6961e-05,0.000147957
1/18/19,-5.088e-05,-0.000171501
1/22/19,-0.000150531,-0.000513569
1/23/19,0.000277073,0.000183172
1/24/19,0.000321362,0.000375656
1/25/19,0.000117314,-6.811e-06
1/28/19,3.1635e-05,0.000110017
1/29/19,6.4062e-05,0.000101254
1/30/19,-1.0281e-05,-0.00032511
1/31/19,5.0353e-05,0.000283328
2/1/19,2.0827e-05,0.000136103
2/4/19,5.536e-06,0.00026204
2/5/19,-0.000200884,-5.7703e-05
2/6/19,0.000228565,0.000105422
2/7/19,-0.000193239,-1.5961e-05
2/8/19,0.000407832,0.000272349
2/11/19,0.000159495,0.000341193
2/12/19,-0.000392278,-0.000172538
2/13/19,-0.000116787,6.1159e-05
2/14/19,-5.9316e-05,0.000105178
2/15/19,0.000180849,-4.7394e-05
2/19/19,0.000267582,0.000242481
2/20/19,0.000258091,7.0776e-05
2/21/19,6.538e-05,6.2216e-05
2/22/19,0.000126014,0.000154158
2/25/19,4.2708e-05,0.000187991
2/26/19,8.9106e-05,0.000174775
2/27/19,0.000249128,1.0837e-05
2/28/19,0.000273909,0.000219932
3/1/19,7.6716e-05,-0.000171725
3/4/19,3.1899e-05,0.000148546
3/5/19,4.8771e-05,0.000212552
3/6/19,1.1072e-05,1.1305e-05
3/7/19,-0.000318199,-0.000109895
3/8/19,0.00034957,0.000367544
3/11/19,-0.000102551,-0.000213975
3/12/19,0.000148159,0.000161722
3/13/19,-0.000264946,0.000107577
3/14/19,0.000335071,0.000186466
3/15/19,-0.000522774,-5.3799e-05
3/18/19,-5.9053e-05,-1.2972e-05
3/19/19,-0.000110987,-0.000135127
3/20/19,0.000285245,-0.000224792
3/21/19,-0.000483757,-0.000206412
3/22/19,-0.00131682,-0.001762672
3/25/19,0.000892379,0.000452145
3/26/19,0.000625852,0.000465463
3/27/19,0.000330589,0.000268465
3/28/19,0.000320571,4.3816e-05
3/29/19,0.00017294,0.000456151
4/1/19,-0.000155277,-0.000442162
4/2/19,2.8208e-05,0.0003612
4/3/19,6.063e-06,2.5537e-05
4/4/19,1.529e-05,0.000167435
4/5/19,0.000234101,0.000133602
4/8/19,0.000190866,0.000272125
4/9/19,-0.000177158,7.9092e-05
4/10/19,0.000340607,0.000230302
4/11/19,0.000240692,-1.769e-06
4/12/19,3.1108e-05,4.0746e-05
4/15/19,0.000267846,0.000364006
4/16/19,0.000115733,3.6923e-05
4/17/19,0.000126278,0.000125673
4/18/19,0.000258882,0.000283755
4/22/19,0.000408359,0.000260841
4/23/19,-0.000443949,-0.000327632
4/24/19,1.0018e-05,0.000189068
4/25/19,0.000224347,0.000171806
4/26/19,0.000101233,6.6893e-05
4/29/19,0.000161867,0.000251752
4/30/19,0.000173731,-2.2345e-05
5/1/19,9.886e-05,-0.000204053
5/2/19,0.000391487,0.000115893
5/3/19,-0.000385424,-0.000276923
5/6/19,3.2953e-05,0.000190797
5/7/19,-0.002750954,-0.001544447
5/8/19,0.000719967,0.000535649
5/9/19,0.000117314,0.000560007
5/10/19,0.00119766,0.00089077
5/13/19,-0.001534049,-0.001255426
5/14/19,0.000346407,0.000716992
5/15/19,0.000249128,0.000557791
5/16/19,7.1443e-05,0.000149543
5/17/19,4.4553e-05,5.8861e-05
5/20/19,-2.5836e-05,9.3528e-05
5/21/19,0.000248601,0.000372383
5/22/19,0.00020932,0.000137852
5/23/19,-0.00048402,-0.001056843
5/24/19,7.5661e-05,0.000391129
5/28/19,-0.000103342,-0.000289794
5/29/19,-3.8226e-05,0.000134578
5/30/19,-2.6626e-05,0.000152064
5/31/19,-2.0299e-05,-0.000259743
6/3/19,-3.0054e-05,-0.000108004
6/4/19,-1.9772e-05,-0.00024244
6/5/19,-9.491e-06,-0.000108553
6/6/19,-9.1479e-05,0.000116645
6/7/19,-0.00057339,-3.3609e-05
6/10/19,0.000220129,0.000565741
6/11/19,5.5098e-05,6.7828e-05
6/12/19,0.000351416,5.4937e-05
6/13/19,-1.3445e-05,9.8997e-05
6/14/19,0.000355897,0.000238557
6/17/19,0.000323471,0.000417337
6/18/19,-0.000286827,-0.000509014
6/19/19,0.000230674,0.000206208
6/20/19,-7.9088e-05,-0.000511048
6/21/19,-0.001009694,-0.000139641
6/24/19,0.00032848,0.000213934
6/25/19,6.854e-06,-3.6089e-05
6/26/19,0.000314244,5.0952e-05
6/27/19,0.000100178,0.000214077
6/28/19,3.6381e-05,-3.3711e-05
7/1/19,0.000249128,0.000856876
7/2/19,3.2953e-05,0.000138848
7/3/19,1.7136e-05,-0.000269522
7/5/19,1.7136e-05,0.000426161
7/8/19,0.000133923,0.000418516
7/9/19,-9.517e-05,0.000222962
7/10/19,0.000324262,9.2714e-05
7/11/19,0.000158967,0.000159526
7/12/19,3.427e-06,-8.8689e-05
7/15/19,0.000210111,0.000219851
7/16/19,0.000174785,4.6561e-05
7/17/19,-7.9352e-05,-0.000309028
7/18/19,3.5326e-05,-0.000110546
7/19/19,9.4379e-05,0.000104548
7/22/19,0.000552563,0.000438828
7/23/19,-6.2216e-05,-3.186e-05
7/24/19,3.1372e-05,-3.639e-06
7/25/19,9.2006e-05,-1.5656e-05
7/26/19,-0.000157386,0.000170424
7/29/19,0.000321098,0.000190166
7/30/19,-0.000279182,-0.000342291
7/31/19,0.000281818,0.000201552
8/1/19,-0.000532264,-0.001347836
8/2/19,-0.000176631,0.000331962
8/5/19,-0.000238056,-0.001252804
8/6/19,0.001176043,0.000693122
8/7/19,0.000366442,-0.000282881
8/8/19,-0.000154749,0.000325863
8/9/19,-2.1617e-05,0.00022101
8/12/19,-0.000609243,-0.000879628
8/13/19,0.000184276,0.000521315
8/14/19,-0.002172292,-0.002174173
8/15/19,0.000670932,0.000225361
8/16/19,0.000495884,0.000722278
8/19/19,0.000335071,0.000855717
8/20/19,0.000181112,7.4355e-05
8/21/19,0.000282609,0.000316185
8/22/19,-4.6662e-05,-8.7448e-05
8/23/19,-0.002402966,-0.002178321
8/26/19,0.000841763,0.000651298
8/27/19,0.00037356,0.000185327
8/28/19,0.000411786,0.00029935
8/29/19,-0.000332962,0.000232681
8/30/19,0.00018243,0.000115629
9/3/19,0.001178943,0.000382
9/4/19,-0.000158704,8.2975e-05
9/5/19,-0.000291045,-0.000648289
9/6/19,0.000580772,0.000370065
9/9/19,0.000374615,2.1999e-05
9/10/19,0.000213802,-7.8706e-05
9/11/19,-0.000154486,0.000130959
9/12/19,-4.139e-05,-1.3074e-05
9/13/19,0.000314244,-0.00020387
9/16/19,0.00019693,-0.00031895
9/17/19,6.4062e-05,0.000124717
9/18/19,0.000100442,0.000362928
9/19/19,0.000344825,0.000302176
9/20/19,-0.000945632,7.787e-06
9/23/19,0.000670405,0.000571068
9/24/19,-0.000723658,-0.000621837
9/25/19,0.000379624,0.000196144
9/26/19,0.000327689,-0.000168167
9/27/19,-0.000294472,-5.4714e-05
9/30/19,0.00073473,0.000988059
10/1/19,-0.00040915,-0.000662135
10/2/19,-0.002115348,-0.000938388
10/3/19,0.000208266,0.00051546
10/4/19,0.000295527,0.000670309
10/7/19,0.000290781,0.00041569
10/8/19,-0.000932978,-0.001058673
10/9/19,0.000335862,0.00114608
10/10/19,0.000244383,-9.231e-06
10/11/19,-9.3061e-05,-0.000416483
10/14/19,0.001022875,0.001053732
10/15/19,-1.055e-06,0.000371
10/16/19,0.000156858,0.000154483
10/17/19,8.9897e-05,0.000322284
10/18/19,0.000105715,8.8546e-05
10/21/19,0.000227247,0.000370329
10/22/19,0.000139459,3.3467e-05
10/23/19,0.000194294,0.000403938
10/24/19,0.00025071,0.000139865
10/25/19,8.8843e-05,0.000175141
10/28/19,3.4535e-05,0.000130593
10/29/19,3.3217e-05,9.8611e-05
10/30/19,8.963e-06,8.5273e-05
10/31/19,1.1336e-05,2.3158e-05
11/1/19,8.436e-06,0.000149909
11/4/19,3.691e-06,-0.000119227
11/5/19,-7.645e-06,-0.000261634
11/6/19,0.000233574,0.000174571
11/7/19,-4.4026e-05,-0.000482339
11/8/19,0.000336652,9.7553e-05
11/11/19,0.00020563,0.000577839
11/12/19,9.6224e-05,0.000188662
11/13/19,-2.6626e-05,-4.656e-06
11/14/19,0.000118369,-5.5486e-05
11/15/19,6.9861e-05,0.000648533
11/18/19,0.000144468,0.000240143
11/19/19,0.00017874,8.5273e-05
11/20/19,5.5625e-05,-0.000330905
11/21/19,0.000156858,0.00038082
11/22/19,0.000358797,0.000555717
11/25/19,-5.5889e-05,-3.7818e-05
11/26/19,-6.854e-06,8.1003e-05
11/27/19,9.4379e-05,8.57e-05
11/29/19,1.5027e-05,-6.425e-06
12/2/19,0.000189021,-0.000119756
12/3/19,0.000162658,-0.000277757
12/4/19,0.000127596,0.0001457
12/5/19,0.000220393,0.000182176
12/6/19,-8.7524e-05,-1.9051e-05
12/9/19,-0.000107296,0.000191691
12/10/19,9.2797e-05,0.000239655
12/11/19,0.000246755,1.0329e-05
12/12/19,-8.0143e-05,-0.000489841
12/13/19,0.000629279,0.000491244
12/16/19,-5.8262e-05,6.9739e-05
12/17/19,0.000133396,0.000457371
12/18/19,4.6398e-05,0.000141471
12/19/19,-2.7945e-05,0.000188499
12/20/19,-0.0005465,-0.000316002
12/23/19,0.000147368,0.00019958
12/24/19,0.000283927,-0.000114693
12/26/19,7.777e-05,6.5388e-05
12/27/19,-2.2145e-05,-1.7201e-05
12/30/19,4.4553e-05,-3.0884e-05
12/31/19,4.6135e-05,0.000116605
1/2/20,2.399e-05,-0.000653291
1/3/20,7.909e-06,0.000661241
1/6/20,0.000283136,0.000974762
1/7/20,0.000320571,0.000381512
1/8/20,-0.000133659,9.7635e-05
1/9/20,0.000127859,0.000306181
1/10/20,0.000229883,8.2264e-05
1/13/20,0.000137614,0.000391129
1/14/20,0.000176103,0.000201634
1/15/20,0.000133132,-4.5422e-05
1/16/20,-0.000324262,-5.042e-06
1/17/20,-8.9106e-05,0.000160115
1/21/20,0.00011626,-0.0002167
1/22/20,0.000139195,8.5334e-05
1/23/20,1.6609e-05,-4.2819e-05
1/24/20,-0.000715222,-0.000644365
1/27/20,-0.0002834,-0.000714104
1/28/20,-0.000131023,-8.2691e-05
1/29/20,0.000582617,0.000415487
1/30/20,0.000421277,2.6188e-05
1/31/20,-0.001667181,-0.0009489
2/3/20,0.001243004,0.000360732
2/4/20,-0.00151085,-0.000221274
2/5/20,-0.000191657,-0.000268892
2/6/20,0.00015185,0.000251976
2/7/20,3.9544e-05,0.000227191
2/10/20,0.00013445,0.000298943
2/11/20,5.3253e-05,3.125e-05
2/12/20,0.000311608,0.000334484
2/13/20,-4.4553e-05,-0.00016774
2/14/20,0.000313453,0.000486893
2/18/20,0.000267846,7.712e-05
2/19/20,3.4535e-05,0.00015977
2/20/20,-3.164e-06,-0.000239512
2/21/20,-0.000677787,-0.00085954
2/24/20,-0.003364943,-0.002771836
2/25/20,-0.002131957,-0.001914776
2/26/20,1.2127e-05,0.000261918
2/27/20,-0.000771638,-0.00119134
2/28/20,-0.000395441,-0.001992974
3/2/20,0.000570227,0.001042204
3/3/20,-6.0107e-05,-0.000347089
3/4/20,0.000153959,0.000200658
3/5/20,-2.0036e-05,-0.000546405
3/6/20,0.000401768,-0.001032587
3/9/20,-0.004545731,-0.003539881
3/10/20,0.000915315,0.000896239
3/11/20,-0.001839066,-0.002839359
3/12/20,-0.003569518,-0.008552966
3/13/20,0.00063297,0.002633069
3/16/20,-0.00121796,-0.00467181
3/17/20,0.000246492,0.002127125
3/18/20,-0.000786665,-0.004297435
3/19/20,6.7225e-05,0.002044678
3/20/20,0.00062717,0.000800963
3/23/20,-9.0952e-05,6.5388e-05
3/24/20,-6.6171e-05,0.000381817
3/25/20,0.000275227,-0.000441654
3/26/20,0.000191394,0.000579933
3/27/20,8.1725e-05,7.4253e-05
3/30/20,0.000268637,0.001832187
3/31/20,5.009e-06,0.000689462
4/1/20,-5.009e-06,-0.000326188
4/2/20,1.0018e-05,0.00026936
4/3/20,2.5572e-05,0.000271312
4/6/20,-0.003956787,-1.899e-05
4/7/20,-0.001197133,-0.000394097
4/8/20,3.7699e-05,0.000732749
4/9/20,-8.0406e-05,-0.002063506
4/13/20,0.001552503,0.002147498
4/14/20,-0.000112305,0.000829265
4/15/20,-0.000103869,-0.000843295
4/16/20,0.000225402,0.000507327
4/17/20,3.849e-05,-0.000658943
4/20/20,-9.4642e-05,0.000132606
4/21/20,0.000573917,-8.0312e-05
4/22/20,0.000266528,0.00113689
4/23/20,0.000613461,0.0014779
4/24/20,0.000768211,0.001588792
4/27/20,0.000146577,0.001215027
4/28/20,3.164e-06,-1.7486e-05
4/29/20,-3.8226e-05,-0.000484311
4/30/20,-1.0281e-05,-1.285e-05
5/1/20,1.7663e-05,-0.000348919
5/4/20,-1.5027e-05,0.001641919
5/5/20,-5.536e-06,0.000742976
5/6/20,0.000465039,0.00025777
5/7/20,0.000440258,0.000101518
5/8/20,0.001047656,-0.000165198
5/11/20,0.001028939,0.001440571
5/12/20,-0.001245377,0.000359004
5/13/20,-0.00184223,-0.001817121
5/14/20,0.000871289,1.3704e-05
5/15/20,0.000723131,0.000320129
5/18/20,-0.00227537,-0.002208433
5/19/20,0.000180321,0.000213202
5/20/20,0.000277073,0.000227964
5/21/20,0.000349834,0.000576903
5/22/20,0.000772693,0.001157629
5/26/20,0.00019983,-0.000465361
5/27/20,-6.5643e-05,-0.000235893
5/28/20,-0.000201148,-0.00010532
5/29/20,0.000535691,0.000440312
6/1/20,0.000371451,0.000247747
6/2/20,7.5661e-05,0.000312525
6/3/20,-1.7927e-05,-0.00077199
6/4/20,-1.1336e-05,0.000161539
6/5/20,-0.001599956,-0.001393949
6/8/20,-0.000854944,-5.7642e-05
6/9/20,-0.000399132,-0.000267774
6/10/20,0.000576817,-0.00030307
6/11/20,-0.007352574,-0.00689594
6/12/20,0.001542485,0.00064955
6/15/20,0.000698086,0.001032221
6/16/20,-0.001058992,4.92e-06
6/17/20,0.000847299,0.00048974
6/18/20,0.000982013,0.001267666
6/19/20,0.000362488,0.000780204
6/22/20,0.001147307,0.00103462
6/23/20,0.000425231,0.000670899
6/24/20,-0.000922433,-0.000895548
6/25/20,0.000897125,0.00074078
6/26/20,-0.000105715,-0.000530404
6/29/20,0.001332901,0.001437805
6/30/20,-0.000198248,0.000480956
7/1/20,0.000659333,0.000411481
7/2/20,0.001072174,0.000688791
7/6/20,-0.000297372,0.000777846
7/7/20,-0.000208529,9.9566e-05
7/8/20,0.000541755,3.304e-05
7/9/20,-9.7542e-05,3.9282e-05
7/10/20,0.000497993,0.000181911
7/13/20,-0.000694922,-0.000300549
7/14/20,0.000397287,0.000189902
7/15/20,0.000156068,-4.9122e-05
7/16/20,0.000740003,0.00099363
7/17/20,0.000896334,0.000991617
7/20/20,0.000562581,0.000835833
7/21/20,-5.5625e-05,-0.000642434
7/22/20,0.000367233,7.8279e-05
7/23/20,-7.3025e-05,0.000169143
7/24/20,0.000955123,0.00048364
7/27/20,0.000615834,0.000621797
7/28/20,0.000327162,0.000441959
7/29/20,-3.427e-06,0.000166886
7/30/20,0.00019113,-0.00013039
7/31/20,0.000613461,0.000708269
8/3/20,-0.000161076,0.000127076
8/4/20,4.482e-06,4.1559e-05
8/5/20,0.000218284,-0.00032753
8/6/20,8.4888e-05,-0.000310512
8/7/20,0.000266791,-0.000315107
8/10/20,0.000370133,0.000386737
8/11/20,-0.00052251,-0.001892818
8/12/20,0.000112305,0.000651827
8/13/20,0.000322944,0.000121017
8/14/20,0.000330325,0.000587496
8/17/20,0.000745803,0.000823918
8/18/20,0.000180058,0.000933244
8/19/20,0.000126278,-0.000170993
8/20/20,0.000151586,0.000510783
8/21/20,0.000255192,0.000406988
8/24/20,2.1881e-05,0.000451393
8/25/20,7.5397e-05,0.000254985
8/26/20,-0.000307917,-0.000506757
8/27/20,0.000143941,9.5297e-05
8/28/20,0.000134714,0.000645118
8/31/20,3.7171e-05,0.000563443
9/1/20,-7.645e-06,0.000172132
9/2/20,-8.436e-06,-0.000295446
9/3/20,-0.003471976,-0.001916769
9/4/20,0.001396435,0.001065748
9/8/20,-0.000897125,0.001570818
9/9/20,0.000152377,0.001430039
9/10/20,-0.000543073,0.000370024
9/11/20,0.000331116,0.001004223
9/14/20,0.000353261,0.000680983
9/15/20,0.00011626,0.000408167
9/16/20,0.000126541,0.000243924
9/17/20,-0.000336916,0.00030307
9/18/20,0.000572599,0.000641702
9/21/20,-0.000102551,-0.001957474
9/22/20,0.000111251,0.000348614
9/23/20,-0.00017874,-0.001004162
9/24/20,3.2953e-05,0.000394423
9/25/20,8.5152e-05,0.000552993
9/28/20,9.491e-06,0.000207692
9/29/20,-6.063e-06,0.000184494
9/30/20,9.754e-06,0.000218733
10/1/20,-2.64e-07,0.000214707
10/2/20,5.273e-06,0.000256957
10/5/20,4.3235e-05,0.000598699
10/6/20,6.2216e-05,7.4964e-05
10/7/20,-3.4799e-05,-0.000407008
10/8/20,0.000558363,0.000500414
10/9/20,0.000530682,0.000263565
10/12/20,-0.000765575,0.000462271
10/13/20,0.000127332,-1.1427e-05
10/14/20,0.000229092,0.000299289
10/15/20,0.000269164,0.000182684
10/16/20,0.000326635,0.000648289
10/19/20,-0.000102288,0.00038936
10/20/20,9.0161e-05,-5.8292e-05
10/21/20,0.000592635,0.00013655
10/22/20,0.000383578,0.000408431
10/23/20,0.000706786,0.000882902
10/26/20,-0.001331583,-0.001200326
10/27/20,0.001210051,0.000814972
10/28/20,-0.004185352,-0.002834967
10/29/20,0.001149416,0.000795412
10/30/20,-0.001026302,-0.000214382
11/2/20,0.00051381,0.002333049
11/3/20,-0.000114151,-3.9282e-05
11/4/20,0.000986495,0.00301452
11/5/20,-0.000375933,-0.001188961
11/6/20,0.00129863,0.001008615
11/9/20,-0.000248337,-0.003169044
11/10/20,9.8597e-05,8.2264e-05
11/11/20,0.000300535,0.000852546
11/12/20,-0.000283136,-0.000631637
11/13/20,-1.9508e-05,0.000122176
11/16/20,0.000348516,0.000457188
11/17/20,0.000152377,0.00030858
11/18/20,0.000104397,0.000258523
11/19/20,0.000314244,0.00018427
11/20/20,0.000195875,0.000338123
11/23/20,0.000345089,0.00022654
11/24/20,-3.849e-05,-0.000278123
11/25/20,5.4044e-05,0.000325395
11/27/20,-6.063e-06,-2.6493e-05
11/30/20,-2.7681e-05,0.000183152
12/1/20,,-0.000368743
12/2/20,,0.000359289
12/3/20,0.000195612,0.000260719
12/4/20,-3.8753e-05,-0.000172904
12/7/20,0.000557572,0.000298536
12/8/20,0.00036697,0.000571129
12/9/20,-0.00024491,-6.6059e-05
12/10/20,0.000211166,0.000234836
12/11/20,0.000126278,2.4927e-05
12/14/20,0.000243592,0.000584833
12/15/20,0.00014605,0.000200759
12/16/20,0.000344561,-4.6805e-05
12/17/20,0.000275227,0.000401844
12/18/20,-0.000436831,0.000160542
12/21/20,-0.000197457,-7.4456e-05
12/22/20,0.00089317,0.000542379
12/23/20,0.00095275,0.000683891
12/24/20,0.000510119,0.000483233
12/28/20,0.000108351,0.000648676
12/29/20,0.000186385,0.000120427
12/30/20,0.000289463,0.000338265
12/31/20,1.4236e-05,4.101e-05
1/4/21,0.001292039,0.000389543
1/5/21,0.000370924,-2.3626e-05
1/6/21,-0.000380151,-0.000440963
1/7/21,0.00033138,0.00043163
1/8/21,0.000109933,-0.001178815
1/11/21,-0.000483757,0.000329685
1/12/21,0.000755293,0.000259194
1/13/21,0.000467412,0.000763918
1/14/21,4.9826e-05,-0.000439906
1/15/21,0.000166876,0.000209339
1/19/21,0.000530682,0.001217243
1/20/21,-0.000167667,0.00028343
1/21/21,0.000215384,0.000141267
1/22/21,0.000393332,0.000385375
1/25/21,6.9861e-05,-0.000377852
1/26/21,0.000215647,0.000324175
1/27/21,-0.004181661,-0.002595882
1/28/21,0.001247486,0.000248214
1/29/21,-0.000536219,-0.000404467
2/1/21,0.000884998,0.000952356
2/2/21,-0.000270482,-0.000212491
2/3/21,4.8507e-05,0.000655202
2/4/21,0.000530682,0.000472905
2/5/21,0.000186121,0.000447733
2/8/21,0.000196139,0.000209034
2/9/21,3.954e-06,0.000448323
2/10/21,-0.000154486,-7.7872e-05
2/11/21,0.000432877,0.000301546
2/12/21,0.000642461,0.0004604
2/16/21,0.000191394,-4.654e-05
2/17/21,0.000374351,0.000375493
2/18/21,0.000147368,0.000506534
2/19/21,0.000439731,-6.6323e-05
2/22/21,0.000466885,-0.00064219
2/23/21,8.5679e-05,0.000327103
2/24/21,0.000192975,0.000147001
2/25/21,-0.003543946,-0.001852296
2/26/21,0.001693017,0.000735616
3/1/21,0.000226192,0.000691149
3/2/21,0.000619525,0.000297438
3/3/21,-0.000238056,-0.000160929
3/4/21,-0.001381672,-0.000696476
3/5/21,0.001009694,0.000189841
3/8/21,8.6206e-05,-0.000269685
3/9/21,4.3762e-05,0.000572349
3/10/21,0.000431558,0.000191244
3/11/21,-1.2918e-05,0.000105564
3/12/21,0.000681214,-0.00049159
3/15/21,0.000704677,0.001347185
3/16/21,-1.3972e-05,0.000553704
3/17/21,0.000240428,0.000428154
3/18/21,-0.000635079,-0.000837846
3/19/21,0.000667241,0.000848418
3/22/21,0.000593162,0.001211367
3/23/21,-0.0002805,-0.000345971
3/24/21,0.00049272,0.00011262
3/25/21,0.000451067,0.000108533
3/26/21,-0.000226983,0.00019773
3/29/21,-0.000221974,2.145e-05
3/30/21,0.00060608,0.000433338
3/31/21,0.000193503,0.000430837
4/1/21,6.1689e-05,0.000410038
4/5/21,-6.7752e-05,0.000322061
4/6/21,-8.7e-06,0.000322203
4/7/21,0.000490347,0.000125551
4/8/21,-8.3834e-05,0.000171278
4/9/21,-6.1952e-05,0.000127584
4/12/21,1.9245e-05,0.000211454
4/13/21,1.7663e-05,0.000238557
4/14/21,2.636e-06,9.3528e-05
4/15/21,-0.000340343,-0.000174043
4/16/21,5.6153e-05,0.000344711
4/19/21,-7.1443e-05,-0.000131711
4/20/21,0.000183748,-0.000328445
4/21/21,0.000188757,5.5039e-05
4/22/21,-0.000211166,4.8919e-05
4/23/21,0.000241219,0.000569665
4/26/21,0.00025651,0.000341498
4/27/21,0.000143677,0.000356951
4/28/21,0.000283927,0.000281579
4/29/21,-8.8579e-05,0.0002963
4/30/21,0.000115469,9.1555e-05
5/3/21,0.000408096,-0.00025283
5/4/21,-0.000205366,-0.000333142
5/5/21,-3.691e-06,0.000109549
5/6/21,3.5853e-05,-9.8733e-05
5/7/21,0.000118632,0.000146208
5/10/21,5.1935e-05,-4.1701e-05
5/11/21,-0.001097218,-0.000944284
5/12/21,-0.001558566,-0.001571326
5/13/21,0.000830691,0.000723925
5/14/21,0.000890534,0.000878855
5/17/21,0.000335071,-1.0166e-05
5/18/21,0.000406514,0.000345849
5/19/21,-0.000585781,-0.000776483
5/20/21,-0.000214066,0.000567571
5/21/21,0.000552563,0.000595284
5/24/21,0.000375669,0.000850817
5/25/21,0.000160286,4.8268e-05
5/26/21,0.000479011,0.000444643
5/27/21,0.000479011,0.000370919
5/28/21,0.000390169,0.000522047
6/1/21,0.000572072,-0.000205659
6/2/21,0.000158704,0.000127808
6/3/21,0.000221711,3.639e-06
6/4/21,-0.000566799,0.000312952
6/7/21,0.000459503,0.000478008
6/8/21,2.0827e-05,0.000196368
6/9/21,-0.000239638,-6.3416e-05
6/10/21,0.000864171,0.000512694
6/11/21,0.000369342,0.000612423
6/14/21,-1.1072e-05,7.3745e-05
6/15/21,-7.0652e-05,4.1559e-05
6/16/21,7.6716e-05,-0.000310248
6/17/21,0.000511965,-0.000634484
6/18/21,-0.001041856,-0.001001987
6/21/21,0.000344825,0.000755724
6/22/21,0.000201939,0.000581844
6/23/21,0.000457394,0.000185774
6/24/21,1.45e-05,0.00017325
6/25/21,0.00014895,0.000307584
6/28/21,0.000323207,-8.4826e-05
6/29/21,0.000127596,-1.4192e-05
6/30/21,0.000126541,0.000231257
7/1/21,-4.3762e-05,1.4354e-05
7/2/21,-0.000113096,0.000284365
7/6/21,2.399e-05,-0.000250309
7/7/21,-0.000326635,6.2257e-05
7/8/21,-0.000822518,-0.000366507
7/9/21,0.000297372,8.6757e-05
7/12/21,4.5608e-05,0.00056263
7/13/21,-8.9106e-05,7.848e-06
7/14/21,0.000320044,-7.93e-07
7/15/21,5.8262e-05,-1.7445e-05
7/16/21,-0.000282082,-0.000198482
7/19/21,-0.001580711,-0.001897901
7/20/21,-0.000317408,0.000415243
7/21/21,0.000470312,0.000285036
7/22/21,0.000217229,0.000408106
7/23/21,-0.000332698,0.000143057
7/26/21,0.000206157,9.1372e-05
7/27/21,-0.000224083,-0.000442
7/28/21,0.000552563,0.000710343
7/29/21,0.000204839,0.000376144
7/30/21,0.000115205,0.000147448
8/2/21,0.000375142,0.000352498
8/3/21,-1.9245e-05,0.000214402
8/4/21,3.5062e-05,0.000188438
8/5/21,5.2198e-05,0.000289936
8/6/21,0.000446849,-0.000145293
8/9/21,0.000377778,0.000201451
8/10/21,7.2761e-05,-6.425e-06
8/11/21,0.000300008,0.000264846
8/12/21,9.7806e-05,0.000357967
8/13/21,0.000312926,0.000303497
8/16/21,8.067e-05,0.000178028
8/17/21,-0.000554409,-0.000576009
8/18/21,-0.000216438,3.009e-06
8/19/21,-0.000261519,-0.000544128
8/20/21,0.000895016,0.000794599
8/23/21,0.000160286,0.000447774
8/24/21,0.000204839,0.00016042
8/25/21,0.000171622,0.000100705
8/26/21,-0.000553091,-0.000353758
8/27/21,0.000174521,0.000347842
8/30/21,0.000144468,0.000488072
8/31/21,4.2971e-05,0.000170566
9/1/21,3.4799e-05,3.676e-05
9/2/21,-3.164e-06,0.000168614
9/3/21,0.000419432,0.000280664
9/7/21,0.00010176,0.000376347
9/8/21,0.000260991,0.000274483
9/9/21,-4.9826e-05,7.8157e-05
9/10/21,-0.00050722,-9.491e-05
9/13/21,0.000533055,0.000319743
9/14/21,0.000196139,-5.2294e-05
9/15/21,0.00020273,0.000280746
9/16/21,0.000151059,-0.000117499
9/17/21,-0.000499047,-0.000293148
9/20/21,-0.001211105,-0.001931286
9/21/21,0.000307126,0.000861675
9/22/21,0.000255455,0.00038629
9/23/21,1.7663e-05,-0.0001996
9/24/21,0.000448694,0.000363436
9/27/21,0.000143413,0.000106744
9/28/21,-0.000669351,-0.001174037
9/29/21,0.000106506,0.000260129
9/30/21,-4.139e-05,-0.000269909
10/1/21,2.5572e-05,0.000487889
10/4/21,-7.909e-06,0.000126872
10/5/21,0.000256246,0.000446147
10/6/21,7.9088e-05,0.000183762
10/7/21,0.000215647,0.000105239
10/8/21,0.000688595,0.000472783
10/11/21,0.00023331,0.000568689
10/12/21,0.00032268,0.000220603
10/13/21,0.000483493,0.000229814
10/14/21,-0.000499311,7.279e-06
10/15/21,3.9017e-05,0.000130796
10/18/21,8.7524e-05,0.000433826
10/19/21,-7.1179e-05,0.000107008
10/20/21,3.954e-06,-0.000217574
10/21/21,0.000161604,0.000194111
10/22/21,0.000129178,0.000162555
10/25/21,0.000101233,0.000156212
10/26/21,2.9e-06,7.59e-05
10/27/21,1.0545e-05,9.76e-07
10/28/21,4.482e-06,7.3724e-05
10/29/21,-2.9e-06,0.000101539
11/1/21,4.745e-06,0.000153772
11/2/21,-8.172e-06,0.000175161
11/3/21,0.000161604,3.7797e-05
11/4/21,-0.000247019,0.000166886
11/5/21,-0.000482175,-0.000377547
11/8/21,0.000201675,0.000141979
11/9/21,-6.9861e-05,-0.000129943
11/10/21,-8.3043e-05,-0.000226561
11/11/21,0.000574708,0.000320881
11/12/21,0.00033138,0.000458896
11/15/21,0.000368288,0.000491061
11/16/21,-2.5572e-05,0.000434944
11/17/21,0.000305808,0.000195249
11/18/21,-8.357e-05,0.000275012
11/19/21,0.000111514,-0.000347964
11/22/21,0.000338498,0.000167781
11/23/21,-2.3726e-05,-0.00041632
11/24/21,0.000262046,0.000636537
11/26/21,-0.00226667,-0.002662774
11/29/21,0.001087991,0.001148093
11/30/21,-0.001672454,-0.00084976
12/1/21,0.000208529,-7.165e-05
12/2/21,0.000784292,0.00021916
12/3/21,-0.001024984,-0.000532945
12/6/21,0.000914788,0.001490791
12/7/21,0.000139986,0.000165707
12/8/21,0.000855208,0.000802122
12/9/21,-1.5554e-05,-6.8153e-05
12/10/21,0.00060608,0.001045619
12/13/21,0.000281291,-0.0004298
12/14/21,-0.000497465,-0.0004971
12/15/21,7.3288e-05,0.000198909
12/16/21,-0.000115469,-0.000320556
12/17/21,-0.0002776,-0.000131874
12/20/21,-0.000330325,-0.000431224
12/21/21,-3.7171e-05,0.000397635
12/22/21,0.000405196,0.000990438
12/23/21,-0.00010756,0.000316734
12/27/21,-3.164e-06,0.00033426
12/28/21,-5.009e-06,0.000122257
12/29/21,0.000200621,0.000809096
12/30/21,0.000115469,0.000201654
12/31/21,-0.000171622,0.000142203
1/3/22,-5.8e-06,-0.000151556
1/4/22,5.0353e-05,-0.000708594
1/5/22,-0.001056883,-0.000782217
1/6/22,-8.0934e-05,-8.0678e-05
1/7/22,0.000539909,0.000357642
1/10/22,8.357e-05,0.000112193
1/11/22,-0.000205102,0.000190878
1/12/22,0.000145786,9.0315e-05
1/13/22,-0.00065696,-0.000486385
1/14/22,0.000380942,0.000247706
1/18/22,-0.00080011,-0.000742468
1/19/22,0.000192975,-6.8499e-05
1/20/22,-0.000148686,-8.5883e-05
1/21/22,-0.000123641,-0.000578875
1/24/22,-7.5397e-05,-0.000590444
1/25/22,6.4325e-05,0.000373277
1/26/22,-7.382e-06,-5.5568e-05
1/27/22,2.2672e-05,-0.000145232
1/28/22,2.9263e-05,0.000670634
1/31/22,-3.164e-06,0.000409082
2/1/22,2.373e-06,0.000384866
2/2/22,1.6872e-05,0.000598638
2/3/22,-0.001885201,-0.000709265
2/4/22,0.000738421,0.000410404
2/7/22,0.000398078,0.000290749
2/8/22,0.000492193,0.000522495
2/9/22,-0.00011916,0.000248438
2/10/22,-0.001697235,-0.00104381
2/11/22,-0.000758193,-0.001785485
2/14/22,0.000379624,0.000355263
2/15/22,0.000470839,0.000908459
2/16/22,0.000704149,0.000599289
2/17/22,-0.000992294,-0.001254186
2/18/22,-1.45e-05,0.000378706
2/22/22,-2.5308e-05,0.000330519
2/23/22,-0.000179003,-0.000285381
2/24/22,3.5326e-05,-0.000453345
2/25/22,0.000130496,0.000527639
2/28/22,-3.0581e-05,-0.000585626
3/1/22,-7.1179e-05,-0.000645463
3/2/22,9.1479e-05,-0.000233616
3/3/22,3.164e-06,6.9353e-05
3/4/22,-1.055e-06,-4.7902e-05
3/7/22,-0.000623479,-0.000472254
3/8/22,0.000591844,0.000165686
3/9/22,-0.00031029,0.000414775
3/10/22,0.00062427,0.000807388
3/11/22,0.000329535,0.000655731
3/14/22,0.000197721,-0.00027119
3/15/22,-0.00012575,0.000246689
3/16/22,0.000586835,0.00014389
3/17/22,-0.000225138,0.000237682
3/18/22,-0.000341925,0.000567022
3/21/22,0.000549927,8.5964e-05
3/22/22,-0.000312662,0.000397188
3/23/22,0.000420486,6.6771e-05
3/24/22,0.000280236,0.000329522
3/25/22,0.000348252,0.000444135
3/28/22,0.000207739,0.000370105
3/29/22,-6.9598e-05,1.9316e-05
3/30/22,3.164e-06,9.9221e-05
3/31/22,5.6944e-05,0.000296727
4/1/22,-2.373e-06,0.000554009
4/4/22,-1.318e-06,0.000273792
4/5/22,-0.000643779,-0.000222555
4/6/22,-2.8208e-05,-1.606e-06
4/7/22,0.000165558,0.000338855
4/8/22,0.00043604,0.000223979
4/11/22,-0.000819091,-0.000675372
4/12/22,8.2252e-05,0.000163775
4/13/22,0.000324789,0.000940563
4/14/22,-0.000138141,7.409e-05
4/18/22,7.3816e-05,0.0002461
4/19/22,-0.000336652,-1.4334e-05
4/20/22,0.000246228,-6.7462e-05
4/21/22,-0.00069545,-0.000947985
4/22/22,-0.00056469,-0.000756334
4/25/22,2.9263e-05,-0.000153772
4/26/22,-0.000129178,-0.000417886
4/27/22,-1.45e-05,9.7777e-05
4/28/22,3.6644e-05,0.000439865
4/29/22,-0.000117578,-0.000766033
5/2/22,3.4799e-05,0.000114287
5/3/22,5.27e-07,0.00021609
5/4/22,-1.845e-06,-0.00032572
5/5/22,-0.003417405,-0.002292506
5/6/22,0.000702831,0.000431712
5/9/22,-0.001306275,-0.001105457
5/10/22,0.000310553,0.000542481
5/11/22,2.979e-05,0.000383403
5/12/22,-0.000108878,-0.000108045
5/13/22,0.000255455,0.000351339
5/16/22,0.00052251,0.000948534
5/17/22,3.4008e-05,0.000325293
5/18/22,-0.00128993,-0.00260924
5/19/22,0.00010466,0.00046711
5/20/22,2.1354e-05,0.000213406
5/23/22,6.1952e-05,0.000336496
5/24/22,2.2672e-05,-8.8587e-05
5/25/22,7.2498e-05,0.000421241
5/26/22,0.000132868,-2.145e-05
5/27/22,8.4097e-05,0.000112681
5/31/22,0.000197457,0.000183497
6/1/22,-3.3217e-05,0.000220685
6/2/22,0.00018823,0.000247584
6/3/22,-2.8472e-05,0.000152694
6/6/22,0.000455549,0.000500963
6/7/22,0.000351943,0.000438706
6/8/22,0.000263891,0.00040099
6/9/22,-0.000881834,-0.000964413
6/10/22,-0.001087728,-0.001081445
6/13/22,-0.002311487,-0.003758777
6/14/22,0.000197193,0.000467557
6/15/22,0.000217229,0.00012732
6/16/22,-0.000864435,-0.000883166
6/17/22,0.000828054,0.000505883
6/21/22,0.000232256,0.000980801
6/22/22,3.2163e-05,-0.000128357
6/23/22,0.00019403,0.000202609
6/24/22,-2.689e-05,-9.1068e-05
6/27/22,0.000137614,0.000581986
6/28/22,-0.000323998,-0.000387571
6/29/22,3.6644e-05,0.000102453
6/30/22,-5.536e-06,-0.000118008
7/1/22,2.2672e-05,0.000236849
7/5/22,-2.8208e-05,-0.000101437
7/6/22,7.645e-06,1.2952e-05
7/7/22,0.000153959,0.000438218
7/8/22,0.000858372,0.000698489
7/11/22,-2.2936e-05,-0.000171237
7/12/22,-9.754e-06,-3.9465e-05
7/13/22,0.000537009,0.000660346
7/14/22,0.00048692,0.000286988
7/15/22,0.000431031,0.000942088
7/18/22,8.5943e-05,0.000336639
7/19/22,-0.002097421,-0.001124955
7/20/22,0.000431822,0.00012303
7/21/22,0.000394651,0.000394341
7/22/22,0.000620843,0.000500861
7/25/22,0.000570227,0.000332857
7/26/22,-0.000184276,3.1921e-05
7/27/22,-0.001685899,-0.000701397
7/28/22,0.000238583,7.0959e-05
7/29/22,-9.5697e-05,9.678e-06
8/1/22,2.5836e-05,-0.000168472
8/2/22,3.5062e-05,0.000202731
8/3/22,4.745e-06,0.000246283
8/4/22,8.963e-06,-1.83e-06
8/5/22,0.000747384,0.000405443
8/8/22,0.00034377,1.1061e-05
8/9/22,1.6872e-05,0.000151576
8/10/22,-0.000396232,-8.4948e-05
8/11/22,-1.16e-05,-0.000157919
8/12/22,-0.000361697,-0.000120956
8/15/22,3.4535e-05,0.000200556
8/16/22,0.000195348,0.000200678
8/17/22,0.000108087,-0.000250634
8/18/22,0.000445531,0.000507042
8/19/22,-8.9106e-05,-0.000345829
8/22/22,-0.001205305,-0.000668662
8/23/22,0.000449485,0.000339424
8/24/22,0.000673832,0.00039611
8/25/22,-0.000137877,9.794e-05
8/26/22,-0.002923367,-0.001472614
8/29/22,0.000541227,0.000430126
8/30/22,-0.000350361,-8.5984e-05
8/31/22,9.4379e-05,0.000366507
9/1/22,-2.7945e-05,-0.000113291
9/2/22,-1.7663e-05,0.000143219
9/6/22,0.000451067,0.000527578
9/7/22,0.000191394,2.6045e-05
9/8/22,0.000465566,0.000704569
9/9/22,-0.000473475,-4.837e-05
9/12/22,-0.000189812,-0.00019409
9/13/22,-0.00316485,-0.002404028
9/14/22,0.000871026,-0.00020324
9/15/22,0.000358534,0.000801471
9/16/22,-0.000143677,-0.00012246
9/19/22,0.00066276,0.000779126
9/20/22,-0.000362488,-0.000327367
9/21/22,-0.000201675,-0.000624236
9/22/22,0.000999676,0.00107874
9/23/22,-0.000999676,-0.001587734
9/26/22,-7.4079e-05,-0.000246852
9/27/22,6.0371e-05,4.0095e-05
9/28/22,0.00016714,0.00011022
9/29/22,-0.000365915,-0.000312078
9/30/22,-2.2672e-05,0.000142711
10/3/22,-3.0581e-05,-9.5256e-05
10/4/22,-1.6081e-05,-0.000243762
10/5/22,0.000199566,-4.432e-06
10/6/22,-0.000352997,2.0373e-05
10/7/22,-0.000759775,-0.000158407
10/10/22,0.000301063,0.000223979
10/11/22,-0.000283927,-0.000272227
10/12/22,8.7788e-05,-6.7767e-05
10/13/22,-0.000458976,-0.000289794
10/14/22,0.000117842,0.000213365
10/17/22,-0.000231465,0.000168126
10/18/22,0.000189285,0.000347801
10/19/22,0.000273382,1.2972e-05
10/20/22,0.000601071,0.000463552
10/21/22,-0.00117077,-0.000963966
10/24/22,0.000100178,0.000245998
10/25/22,0.000329271,0.000173453
10/26/22,0.000768211,0.00059443
10/27/22,0.000632443,0.000277554
10/28/22,-0.000680159,5.612e-06
10/31/22,0.00098254,0.000539818
11/1/22,0.000760038,0.000320007
11/2/22,0.000925069,-0.000492078
11/3/22,0.000418641,0.001235399
11/4/22,0.000283136,-0.000468879
11/7/22,0.000431031,0.00066484
11/8/22,-0.000339289,-0.000461376
11/9/22,-0.00046293,-0.000357947
11/10/22,-0.003857663,-0.003469187
11/11/22,4.0335e-05,0.00010408
11/14/22,0.000535955,0.000640278
11/15/22,-9.886e-05,-0.000161925
11/16/22,0.000523828,0.000403613
11/17/22,0.000378569,0.000427361
11/18/22,0.000293154,0.000351359
11/21/22,0.000775329,0.000626758
11/22/22,-0.000250446,0.000135188
11/23/22,0.000169513,6.791e-06
11/25/22,0.00015844,0.000539716
11/28/22,0.000188757,-0.000122521
11/29/22,0.000125223,0.000127035
11/30/22,-0.000349307,-0.000295975
12/1/22,-1.318e-06,8.4988e-05
12/2/22,2.4254e-05,-4.6642e-05
12/5/22,-0.000404141,-0.000345748
12/6/22,-0.00048112,-5.4429e-05
12/7/22,-3.7435e-05,0.000113961
12/8/22,0.000239901,0.000512572
12/9/22,0.000200357,0.00017998
12/12/22,-0.000890534,-0.000259356
12/13/22,0.001227714,0.001366521
12/14/22,0.000851254,0.000907117
12/15/22,-0.001124108,-0.000700299
12/16/22,0.000730776,0.000445538
12/19/22,-0.000205366,-0.001333705
12/20/22,0.000100442,0.001009855
12/21/22,0.000147631,0.000335805
12/22/22,-0.000264155,-0.000622041
12/23/22,0.00010466,0.000272694
12/27/22,-0.000106506,0.000119715
12/28/22,-0.000578663,-0.000427828
12/29/22,0.000478748,0.000345463
12/30/22,-3.0317e-05,8.0007e-05
1/3/23,-5.1144e-05,0.000120895
1/4/23,-1.9772e-05,9.243e-05
1/5/23,0.000206684,0.000220542
1/6/23,-0.000503529,-0.000416117
1/9/23,0.000111251,0.000988872
1/10/23,0.000582617,0.000475751
1/11/23,-0.000628488,-0.000236015
1/12/23,0.001196869,0.00091893
1/13/23,0.000356952,0.000635561
1/17/23,0.000328216,0.000545185
1/18/23,-4.2708e-05,-0.000606608
1/19/23,0.000227247,4.3633e-05
1/20/23,-0.000262573,0.000187299
1/23/23,-0.000207475,5.4388e-05
1/24/23,0.00016714,0.000255656
1/25/23,0.000243328,0.000214443
1/26/23,7.8825e-05,0.000254985
1/27/23,0.000142095,0.000159444
1/30/23,2.2936e-05,-6.6384e-05
1/31/23,6.4062e-05,0.000317771
2/1/23,-8.9897e-05,-9.7919e-05
2/2/23,3.1108e-05,-0.000343409
2/3/23,3.1899e-05,0.000249516
2/6/23,0.000163449,0.000291644
2/7/23,-0.00014025,6.4493e-05
2/8/23,-0.000321626,0.000328648
2/9/23,-0.000347198,-0.000195107
2/10/23,0.000294999,1.4517e-05
2/13/23,0.00013735,6.3782e-05
2/14/23,0.001219014,0.001314471
2/15/23,0.00048033,0.000531868
2/16/23,-0.000338498,-7.531e-05
2/17/23,0.000293681,-9.8855e-05
2/21/23,-0.000432349,-0.000474084
2/22/23,0.000195348,0.000122725
2/23/23,0.000121269,0.000592173
2/24/23,-0.000296054,-0.000340868
2/27/23,0.00011336,0.000232538
2/28/23,3.4799e-05,4.9854e-05
3/1/23,-4.4289e-05,0.000115507
3/2/23,-3.4535e-05,5.2843e-05
3/3/23,-3.849e-05,0.00010593
3/6/23,0.000114942,0.000241749
3/7/23,-0.000197457,-0.000393548
3/8/23,0.00043894,0.000160766
3/9/23,-0.001634755,-0.000893108
3/10/23,-0.000591317,-0.000824528
3/13/23,1.7136e-05,-0.001006805
3/14/23,0.000823045,0.001427558
3/15/23,-0.000255719,-0.001768609
3/16/23,9.8069e-05,0.00116808
3/17/23,-0.000819091,-0.001165416
3/20/23,0.000873398,0.001204454
3/21/23,0.000182958,0.00040833
3/22/23,0.00052831,0.000282108
3/23/23,2.9263e-05,-0.000618381
3/24/23,0.000502474,0.000255229
3/27/23,0.001069274,0.001211285
3/28/23,0.000412314,0.000358048
3/29/23,-0.000774011,0.000124107
3/30/23,0.00036117,0.0001249
3/31/23,-0.000319253,9.0376e-05
4/3/23,0.000229883,-0.000217147
4/4/23,0.000350097,4.7475e-05
4/5/23,-0.00020642,0.000132118
4/6/23,0.000348779,0.000410871
4/10/23,0.000490875,0.000797344
4/11/23,0.00029289,0.000269827
4/12/23,0.000322153,0.000371752
4/13/23,-0.000182167,0.000183884
4/14/23,0.000652215,0.000711278
4/17/23,0.000577872,0.000703654
4/18/23,0.000226983,0.000277005
4/19/23,0.000230147,0.000297845
4/20/23,-0.000212484,-1.6062e-05
4/21/23,0.000473212,0.000453365
4/24/23,0.000458712,0.000597378
4/25/23,-0.001038693,-0.001246765
4/26/23,0.000403878,4.148e-06
4/27/23,-0.001142562,0.000138665
4/28/23,0.000289199,0.000557791
5/1/23,0.000548873,0.000181057
5/2/23,-0.000684377,-0.001052024
5/3/23,0.000509329,0.000452206
5/4/23,0.000200357,-0.00012244
5/5/23,-0.002003043,0.000231054
5/8/23,0.000533055,0.000858747
5/9/23,-1.1863e-05,0.000267896
5/10/23,0.000426022,0.000402982
5/11/23,0.000326898,1.2423e-05
5/12/23,0.000352734,0.000400888
5/15/23,0.000415741,0.000535771
5/16/23,1.582e-06,-0.00021552
5/17/23,-0.000228829,-6.791e-06
5/18/23,-0.000321362,1.9702e-05
5/19/23,9.3851e-05,-1.7282e-05
5/22/23,0.000280236,0.000265456
5/23/23,-9.6488e-05,-0.000261207
5/24/23,-0.000109669,-0.0004408
5/25/23,-6.3534e-05,-0.000172233
5/26/23,-0.000496674,3.558e-06
5/30/23,0.001190279,0.000448059
5/31/23,0.000623743,0.00013287
6/1/23,0.000303435,0.000319275
6/2/23,-0.000631388,-0.001596335
6/5/23,8.7261e-05,0.000669455
6/6/23,2.979e-05,-2.3118e-05
6/7/23,0.000303435,-0.000450173
6/8/23,-9.8333e-05,-2.879e-05
6/9/23,0.00014605,0.000312139
6/12/23,-0.000730512,-0.000242054
6/13/23,-2.8208e-05,-5.941e-05
6/14/23,0.000262573,0.000255127
6/15/23,-0.000910833,-0.000408777
6/16/23,-0.000269427,0.000613013
6/20/23,0.00046293,-0.000203748
6/21/23,0.000431295,0.0004567
6/22/23,0.000330853,0.000163429
6/23/23,0.000162131,-4.3755e-05
6/26/23,0.000307653,0.000303477
6/27/23,-0.000478748,3.2735e-05
6/28/23,0.000264155,8.1003e-05
6/29/23,1.3709e-05,-0.00020017
6/30/23,-0.000450012,-0.000163003
7/3/23,0.00018823,0.000171257
7/5/23,7.6979e-05,-0.000200658
7/6/23,4.6662e-05,-0.000872532
7/7/23,3.4535e-05,0.000272674
7/10/23,0.000136823,0.000262854
7/11/23,-0.000192448,-0.000247665
7/12/23,0.00012285,-0.000670736
7/13/23,-0.00047453,-0.000204927
7/14/23,0.000408359,0.000248641
7/17/23,7.0389e-05,0.000254761
7/18/23,-0.00020932,-8.3606e-05
7/19/23,2.6363e-05,-2.0454e-05
7/20/23,8.9897e-05,-0.000139966
7/21/23,0.000326898,0.000350851
7/24/23,9.5433e-05,0.000288594
7/25/23,0.000117314,-0.000142284
7/26/23,0.000369079,0.000387611
7/27/23,-0.00010176,-0.000266066
7/28/23,5.0089e-05,0.000396435
7/31/23,0.000109933,0.00016532
8/1/23,9.5433e-05,-0.000176544
8/2/23,-0.000139459,-0.000685212
8/3/23,0.000341398,-0.000145029
8/4/23,0.000476375,0.000591786
8/7/23,-0.000114942,0.000675921
8/8/23,0.000165822,7.9255e-05
8/9/23,8.1197e-05,0.000175791
8/10/23,0.000121532,0.000328465
8/11/23,0.00058499,0.000451759
8/14/23,0.000270746,0.000510194
8/15/23,-0.000604762,-0.000517025
8/16/23,0.000152377,0.000124961
8/17/23,-0.000268637,-0.000170912
8/18/23,0.000191657,0.000333447
8/21/23,0.00019113,0.000266249
8/22/23,3.4008e-05,4.7252e-05
8/23/23,-4.2971e-05,-0.000273792
8/24/23,-0.000475057,-0.000119756
8/25/23,0.000177421,0.000464446
8/28/23,0.000144204,0.000408228
8/29/23,-0.000864962,-0.000225015
8/30/23,0.00045133,0.000348818
8/31/23,0.000316353,0.000246445
9/1/23,0.000687804,-9.9709e-05
9/5/23,0.000469257,-0.000298577
9/6/23,-0.000801955,-0.000160644
9/7/23,0.000166085,6.9861e-05
9/8/23,0.000411523,0.000439519
9/11/23,9.0688e-05,-8.4785e-05
9/12/23,1.9245e-05,1.9946e-05
9/13/23,0.000491138,0.000397879
9/14/23,2.636e-06,7.3501e-05
9/15/23,-0.000791937,-7.655e-05
9/18/23,0.000204575,0.000255249
9/19/23,9.2006e-05,2.6533e-05
9/20/23,-0.000144995,0.000119349
9/21/23,-0.000815927,-0.001069388
9/22/23,5.1407e-05,0.000278509
9/25/23,1.8981e-05,-0.000113758
9/26/23,-0.000254928,-0.000614884
9/27/23,-1.9772e-05,-0.000317791
9/28/23,-1.0281e-05,0.000140332
9/29/23,-4.798e-05,-9.001e-05
10/2/23,-7.2498e-05,-0.000196327
10/3/23,-5.6416e-05,-0.00014572
10/4/23,-3.6644e-05,-0.000152145
10/5/23,-1.7927e-05,9.861e-06
10/6/23,-0.000174785,0.000129068
10/9/23,0.000219865,-0.000174328
10/10/23,0.000257037,0.000216761
10/11/23,0.000269691,0.000290566
10/12/23,0.000120741,0.000126669
10/13/23,-0.000649051,-0.001192519
10/16/23,0.000367233,0.000794762
10/17/23,-5.273e-06,1.6266e-05
10/18/23,-0.000384633,-0.000770302
10/19/23,-0.000129705,-0.000306039
10/20/23,0.000480066,0.000287455
10/23/23,0.000683059,0.000514321
10/24/23,0.000310026,0.000283043
10/25/23,-0.00061557,-0.00041266
10/26/23,-0.000314508,-1.222e-05
10/27/23,1.1863e-05,-6.429e-05
10/30/23,7.645e-06,0.000249678
10/31/23,0.000222502,0.000376144
11/1/23,6.0898e-05,0.000165869
11/2/23,-0.001765251,-0.000877432
11/3/23,-0.000531737,-0.000526947
11/6/23,0.000438413,0.000524914
11/7/23,5.8e-06,1.7567e-05
11/8/23,0.000383315,0.00010099
11/9/23,-0.000251764,-0.000182155
11/10/23,-0.000512756,5.2559e-05
11/13/23,0.000166349,0.000322894
11/14/23,-0.001195815,-0.00222724
11/15/23,0.000176367,0.000263606
11/16/23,0.000224083,0.00015548
11/17/23,0.000147631,0.000137648
11/20/23,0.000121005,0.000360082
11/21/23,0.000262837,0.000239655
11/22/23,6.9861e-05,0.000268425
11/24/23,5.8262e-05,0.000252769
11/27/23,0.000161604,0.000312728
11/28/23,8.2515e-05,4.9102e-05
11/29/23,3.7962e-05,2.694e-05
11/30/23,0.00013735,0.000325659
12/1/23,4.4289e-05,-0.000527252
12/4/23,4.9298e-05,0.000204134
12/5/23,3.1635e-05,0.000139295
12/6/23,9.0424e-05,-2.1227e-05
12/7/23,-0.000242537,5.8414e-05
12/8/23,0.000329798,7.1366e-05
12/11/23,0.000241747,0.000337472
12/12/23,0.000339289,0.000644304
12/13/23,-0.000650897,-0.001447423
12/14/23,6.7489e-05,-0.000683444
12/15/23,-0.000772693,0.000120549
12/18/23,-1.6872e-05,-1.6205e-05
12/19/23,2.3199e-05,4.1376e-05
12/20/23,-1.7927e-05,-0.000882048
12/21/23,-0.000175049,0.000126059
12/22/23,0.000123114,8.2284e-05
12/26/23,0.000251237,0.000642454
12/27/23,0.000240428,0.000130268
12/28/23,-5.27e-07,9.2735e-05
12/29/23,0.000103606,0.000202609
1/2/24,0.000374351,0.000116991
1/3/24,5.5362e-05,2.6208e-05
1/4/24,2.3726e-05,0.000186994
1/5/24,-8.5152e-05,0.000485958
1/8/24,-0.00039386,0.000138787
1/9/24,0.000390696,0.000335663
1/10/24,-9.2006e-05,1.7648e-05
1/11/24,0.00033138,0.000307056
1/12/24,2.4254e-05,0.000144378
1/16/24,4.6135e-05,-0.000304636
1/17/24,-9.0952e-05,-0.000195493
1/18/24,-0.000168722,0.000192708
1/19/24,-0.000360379,0.000110383
1/22/24,0.000329007,8.1755e-05
1/23/24,0.000246492,0.000418008
1/24/24,-5.009e-06,-0.000142691
1/25/24,1.9245e-05,-0.000102779
1/26/24,0.000178212,0.000285361
1/29/24,7.6979e-05,-3.0803e-05
1/30/24,7.6452e-05,7.9905e-05
1/31/24,-3.8753e-05,-7.1569e-05
2/1/24,4.0071e-05,-0.000543701
2/2/24,2.2408e-05,0.000221091
2/5/24,4.5344e-05,-0.000119797
2/6/24,2.6626e-05,0.000181891
2/7/24,-0.000380415,0.000135981
2/8/24,0.000118105,0.000110871
2/9/24,-8.0406e-05,0.000199926
2/12/24,1.6345e-05,-8.0474e-05
2/13/24,-0.000924278,-0.001394986
2/14/24,-5.2989e-05,0.000153528
2/15/24,-0.000163713,-0.000605348
2/16/24,9.6488e-05,4.7333e-05
2/20/24,0.000294472,0.000292396
2/21/24,0.000177949,0.00021123
2/22/24,-0.001729661,-0.000174693
2/23/24,1.2918e-05,0.000440963
2/26/24,0.000333489,0.000282291
2/27/24,7.777e-05,0.000169671
2/28/24,0.000217493,0.00017447
2/29/24,-3.849e-05,7.2728e-05
3/1/24,-4.798e-05,-0.000231806
3/4/24,0.000179267,0.000129821
3/5/24,4.0071e-05,-0.000491569
3/6/24,-7.2498e-05,3.6679e-05
3/7/24,1.819e-05,5.4022e-05
3/8/24,1.5554e-05,0.000326229
3/11/24,0.000237528,0.000388913
3/12/24,0.000214329,0.000485815
3/13/24,0.000301063,3.7289e-05
3/14/24,-0.000165295,-0.000348309
3/15/24,7.0125e-05,0.00013956
3/18/24,3.3481e-05,0.000384521
3/19/24,0.000251501,0.000249007
3/20/24,0.000128914,2.9116e-05
3/21/24,0.000100442,8.6798e-05
3/22/24,0.000283927,0.00031409
3/25/24,0.000685959,0.00048974
3/26/24,0.000196666,0.000266534
3/27/24,0.000130496,-0.00020999
3/28/24,-2.3199e-05,-0.000245144
4/1/24,0.000331116,1.8014e-05
4/2/24,-0.000193503,-0.000596422
4/3/24,0.000340343,6.852e-06
4/4/24,-0.001416998,-0.000567307
4/5/24,0.000607398,0.000465483
4/8/24,0.001044493,0.000526358
4/9/24,2.4517e-05,6.8845e-05
4/10/24,5.2726e-05,-0.000367889
4/11/24,-6.4062e-05,0.00019409
4/12/24,-0.001004158,-0.001395372
4/15/24,-0.000413104,-0.000277005
4/16/24,-0.000177421,0.0003159
4/17/24,0.000578135,0.000300346
4/18/24,6.1689e-05,0.000178638
4/19/24,-0.000231201,-0.000298963
4/22/24,0.00019113,0.000155683
4/23/24,-0.000147895,0.000260637
4/24/24,0.000282082,7.8482e-05
4/25/24,-0.000165558,2.2365e-05
4/26/24,0.000146577,0.000518265
4/29/24,0.000116523,-2.4765e-05
4/30/24,-0.000224611,-0.000685029
5/1/24,4.1917e-05,0.000572064
5/2/24,-9.0952e-05,2.7387e-05
5/3/24,5.9316e-05,0.000397432
5/6/24,2.5836e-05,0.00029016
5/7/24,3.1899e-05,0.000124128
5/8/24,0.000278654,0.000122399
5/9/24,0.000101497,-0.000171379
5/10/24,0.000230147,0.00014633
5/13/24,-7.118e-06,-6.5937e-05
5/14/24,8.5943e-05,3.6821e-05
5/15/24,6.4852e-05,4.9814e-05
5/16/24,1.8718e-05,0.000246547
5/17/24,0.000263364,0.000140312
5/20/24,0.000187439,0.000221498
5/21/24,0.000129705,0.000244148
5/22/24,-4.218e-05,-0.000169549
5/23/24,0.000193766,-0.000472579
5/24/24,0.000129705,0.00042
5/28/24,0.000246755,-0.000247482
5/29/24,4.4553e-05,-0.000606202
5/30/24,-1.7399e-05,6.6039e-05
5/31/24,0.000537009,5.1054e-05
6/3/24,0.000100969,-0.000119126
6/4/24,0.000122587,-0.00018427
6/5/24,-0.000225138,1.7425e-05
6/6/24,3.4799e-05,0.000186222
6/7/24,0.000295263,-0.000543396
6/10/24,0.000142623,0.000381369
6/11/24,-2.373e-06,0.000163064
6/12/24,0.000345616,0.00016835
6/13/24,7.0652e-05,0.0001445
6/14/24,-7.777e-05,-0.000178801
6/17/24,-0.000486657,-0.000301078
6/18/24,0.000210375,0.000421749
6/20/24,2.8735e-05,-5.1786e-05
6/21/24,-0.000179794,0.000407679
6/24/24,0.000529628,6.978e-05
6/25/24,0.000239374,0.00013897
6/26/24,0.000219075,3.9749e-05
6/27/24,0.000167667,0.000240509
6/28/24,0.000221184,0.000121159
7/1/24,0.000429713,4.4243e-05
7/2/24,-6.0634e-05,0.000188641
7/3/24,1.9508e-05,-7.7079e-05
7/5/24,0.00012285,9.2409e-05
7/8/24,-7.645e-06,0.00039302
7/9/24,3.3217e-05,0.000171664
7/10/24,-0.000453703,-9.861e-06
7/11/24,0.000114678,-0.000631353
7/12/24,4.9298e-05,0.000169061
7/15/24,5.536e-06,-0.000344182
7/16/24,-0.000218811,-0.000757778
7/17/24,-0.000587099,-0.000713576
7/18/24,-0.000263891,-8.0779e-05
7/19/24,-0.000100706,-6.5957e-05
7/22/24,0.000214857,0.000575582
7/23/24,0.000179003,0.000226622
7/24/24,-0.002060777,-0.000890099
7/25/24,4.4553e-05,-0.000132911
7/26/24,0.000150004,-9.454e-06
7/29/24,0.00017294,0.000396293
7/30/24,-0.00024201,-0.000149034
7/31/24,-0.000221184,-0.000133501
8/1/24,-0.001489496,-0.00154522
8/2/24,-0.00056469,-0.000970736
8/5/24,-0.000225138,-0.00146747
8/6/24,-3.2163e-05,0.000673176
8/7/24,-3.2163e-05,0.000478638
8/8/24,8.4097e-05,0.000258502
8/9/24,0.001187115,0.000877981
8/12/24,0.000297899,0.000415344
8/13/24,-0.000138141,-3.334e-06
8/14/24,0.000821464,0.000927307
8/15/24,-0.000379624,-0.000153894
8/16/24,0.000180585,3.2999e-05
8/19/24,0.000150004,0.000516883
8/20/24,-0.000121005,-0.000187076
8/21/24,3.3744e-05,-0.000170891
8/22/24,2.689e-05,2.7672e-05
8/23/24,0.000186912,-4.7292e-05
8/26/24,0.000255192,0.000188641
8/27/24,7.8034e-05,0.000138543
8/28/24,-1.2654e-05,3.676e-05
8/29/24,0.000132077,0.000553521
8/30/24,4.2708e-05,0.000106235
9/3/24,0.000321889,-0.000506961
9/4/24,-0.000119951,5.591e-06
9/5/24,4.6398e-05,0.000172721
9/6/24,3.5326e-05,0.000329116
9/9/24,0.000596853,0.000510275
9/10/24,0.000171622,0.000207774
9/11/24,0.000144204,6.3355e-05
9/12/24,7.1443e-05,-0.000229326
9/13/24,0.000108878,-1.1101e-05
9/16/24,0.00014025,0.000118902
9/17/24,-3.6117e-05,-0.000186994
9/18/24,0.00014315,0.000455439
9/19/24,-0.000254928,-0.000125571
9/20/24,-0.000336652,0.000338652
9/23/24,0.000434722,-8.7997e-05
9/24/24,0.000187176,4.5829e-05
9/25/24,0.000113887,-9.1596e-05
9/26/24,4.8771e-05,-0.000195676
9/27/24,8.3043e-05,-1.2565e-05
9/30/24,0.000197984,0.000303172
10/1/24,-0.000111514,-0.000235954
10/2/24,0.000177685,0.000211698
10/3/24,4.139e-05,-3.3243e-05
10/4/24,7.3025e-05,0.000162393
10/7/24,5.1935e-05,0.000121911
10/8/24,0.000214857,8.7306e-05
10/9/24,4.6926e-05,0.000147875
10/10/24,0.000352734,0.00023754
10/11/24,-4.9298e-05,-0.000159688
10/14/24,6.2743e-05,0.00074324
10/15/24,0.000176367,-0.0003257
10/16/24,0.000235419,0.000219871
10/17/24,0.000403878,0.000146899
10/18/24,0.000305808,6.2928e-05
10/21/24,0.000880516,0.000379336
10/22/24,0.000394387,-5.6015e-05
10/23/24,-0.000247019,-7.2911e-05
10/24/24,0.000247283,0.000214097
10/25/24,-8.7e-06,-2.6737e-05
10/28/24,0.000432877,0.000319926
10/29/24,7.6979e-05,9.19e-06
10/30/24,0.000308708,-3.4341e-05
10/31/24,-0.000418641,-0.000362664
11/1/24,0.001278067,0.000855839
11/4/24,0.000740003,0.000389889
11/5/24,-0.000738685,0.000263484
11/6/24,-0.000700722,-0.001367802
11/7/24,0.000127069,0.000147347
11/8/24,2.3199e-05,0.000208607
11/11/24,0.000341661,-0.000156151
11/12/24,0.000310817,-4.6418e-05
11/13/24,0.000282872,0.000272552
11/14/24,0.000249919,0.000266208
11/15/24,-0.00059448,-0.000362135
11/18/24,0.000465303,0.000507083
11/19/24,-4.6135e-05,0.000124839
11/20/24,-0.000133132,-6.161e-06
11/21/24,0.000302908,-0.000221945
11/22/24,0.000261782,8.5558e-05
11/25/24,0.000546236,-6.2806e-05
11/26/24,-0.000250973,0.000257079
11/27/24,0.000183748,0.000130186
11/29/24,0.000115205,0.000184717
12/2/24,5.8525e-05,-8.0271e-05
12/3/24,4.4289e-05,0.000224548
12/4/24,3.1635e-05,-0.000290627
12/5/24,1.7136e-05,8.3911e-05
12/6/24,0.000200357,0.000330437
12/9/24,-5.0617e-05,9.5032e-05
12/10/24,0.000186385,-0.000141247
12/11/24,-6.4062e-05,0.000333345
12/12/24,0.000227247,7.4456e-05
12/13/24,0.000240956,0.000103104
12/16/24,-0.000186912,-0.000105097
12/17/24,-9.3851e-05,7.6794e-05
12/18/24,-0.003466703,-0.00263191
12/19/24,0.000378833,0.000336232
12/20/24,0.000825418,-0.000369455
12/23/24,0.000112042,0.001823892
12/24/24,0.00064457,0.000240753
12/26/24,-2.5308e-05,9.8733e-05
12/27/24,-0.001085619,-0.000284426
12/30/24,-0.000103078,-6.854e-05
12/31/24,-9.3061e-05,5.0058e-05
1/2/25,-4.2444e-05,-9.3182e-05
1/3/25,-7.4607e-05,0.000189963
1/6/25,-3.559e-05,-0.000131915
1/7/25,-1.6609e-05,-0.000118109
1/8/25,0.000334543,0.000207632
1/10/25,-0.000451594,-0.000248987
1/13/25,0.000349834,0.000153406
1/14/25,6.5907e-05,-0.000157818
1/15/25,-0.000547818,6.2989e-05
1/16/25,0.000225138,0.000125103
1/17/25,-0.000405196,-7.0979e-05
1/21/25,0.000528837,0.000241098
1/22/25,-8.357e-05,0.000143768
1/23/25,0.00014895,0.00023939
1/24/25,0.000247546,0.000245836
1/27/25,-0.000947741,-0.001041614
1/28/25,-5.7998e-05,0.000353128
1/29/25,0.000294208,7.6347e-05
1/30/25,0.000366706,0.000123843
1/31/25,4.508e-05,5.6971e-05
2/3/25,7.7507e-05,-0.000140048
2/4/25,0.00060028,0.000289387
2/5/25,0.000375669,0.000245531
2/6/25,0.000146313,0.000116218
2/7/25,0.000112833,0.000196022
2/10/25,0.000333225,0.000361668
2/11/25,0.000139459,0.000157432
2/12/25,7.5397e-05,-0.000128357
2/13/25,-0.000171885,-8.5415e-05
2/14/25,0.000407832,0.000429008
2/18/25,0.0002776,-3.9424e-05
2/19/25,0.000157913,0.000385029
2/20/25,0.000177421,0.000179126
2/21/25,-0.001257504,-0.001184569
2/24/25,0.00050722,0.000658272
2/25/25,-0.000321362,-0.000581193
2/26/25,0.000184276,0.000142345
2/27/25,-0.000819882,-0.000525382
2/28/25,0.000401241,0.00030242
3/3/25,-0.000747912,-0.001080713
3/4/25,0.000100178,-0.000115202
3/5/25,6.828e-05,-0.000319051
3/6/25,-0.000551245,-0.000318665
3/7/25,0.00017874,0.000833108
3/10/25,-6.3534e-05,-0.000222352
3/11/25,-9.0161e-05,-0.000113006
3/12/25,0.001151525,0.000572247
3/13/25,-0.000278391,-0.000142853
3/14/25,0.000636397,0.000309292
3/17/25,0.000286036,0.000408126
3/18/25,-0.000416532,-0.000261593
3/19/25,0.00025361,0.000669658
3/20/25,0.000273909,0.000324073
3/21/25,0.000266264,0.000477134
3/24/25,-0.000538064,-1.5412e-05
3/25/25,0.000518292,0.000315737
3/26/25,-0.000384633,-0.000487828
3/27/25,0.000450276,-5.022e-05
3/28/25,-0.00179425,-0.001159886
3/31/25,0.000191394,9.4748e-05
4/1/25,0.000350361,5.5486e-05
4/2/25,-0.000107296,6.4148e-05
4/3/25,-0.006776548,-0.00606086
4/4/25,-0.001792668,-0.004677991
4/7/25,-0.000277073,-0.000930275
4/8/25,-6.9334e-05,-0.000462982
4/9/25,4.5344e-05,-4.514e-06
4/10/25,-0.005488991,-0.004092813
4/11/25,0.0013735,0.001841865
4/14/25,0.003000346,0.002243628
4/15/25,0.000908197,0.001471475
4/16/25,-0.001811122,-0.001505654
4/17/25,0.001130435,0.00097895
4/21/25,-0.001575702,-0.001360503
4/22/25,-0.000145522,-0.000144541
4/23/25,-5.1671e-05,0.000124372
4/24/25,-0.000289463,0.000180366
4/25/25,0.000955386,0.001222122
4/28/25,0.000693341,0.000511658
4/29/25,0.000358534,0.000344304
4/30/25,0.000284718,0.000170383
5/1/25,-0.000419695,-5.3982e-05
5/2/25,0.000399923,0.000537683
5/5/25,0.000567854,0.00070463
5/6/25,0.000239901,6.7625e-05
5/7/25,0.000345352,0.000432525
5/8/25,0.000108087,-8.0861e-05
5/9/25,3.8226e-05,0.000404568
5/12/25,-0.000440258,-0.000245531
5/13/25,-0.000278918,0.000319885
5/14/25,-1.819e-05,-0.000157858
5/15/25,0.000100969,-1.6733e-05
5/16/25,0.000107296,0.000292254
5/19/25,1.055e-06,8.8465e-05
5/20/25,0.000332962,1.0288e-05
5/21/25,-0.000298163,-0.000801004
5/22/25,0.000306599,0.000440353
5/23/25,-0.000379097,-0.000209665
5/27/25,0.000753448,0.000862142
5/28/25,0.000288409,0.000364128
5/29/25,0.000255982,0.000349997
5/30/25,0.000311871,0.000413047
6/2/25,0.000252292,-0.00044141
6/3/25,0.00015554,0.00020078
6/4/25,8.8579e-05,0.00019224
6/5/25,3.0844e-05,-0.000181505
6/6/25,4.3235e-05,0.000246019
6/9/25,7.9616e-05,0.000535304
6/10/25,5.8e-06,0.000225158
